source,target,L1,L2,L3,L4
0,10,1.0,0.0,0.0,0.0
0,39,1.0,0.0,0.0,0.0
0,51,1.0,0.0,0.0,0.0
0,52,0.0,1.0,0.0,0.0
0,65,0.0,0.0,1.0,0.0
0,92,0.0,0.0,1.0,0.0
0,109,0.0,0.0,1.0,0.0
0,115,0.0,0.0,1.0,0.0
0,139,1.0,0.0,0.0,0.0
0,179,0.0,0.0,0.0,1.0
0,187,0.0,0.0,0.0,1.0
0,211,0.0,1.0,0.0,0.0
0,268,0.0,0.0,0.0,1.0
0,289,0.0,1.0,0.0,0.0
1,7,0.0,0.0,1.0,0.0
1,20,1.0,0.0,0.0,0.0
1,43,0.0,0.0,1.0,0.0
1,46,0.0,0.0,1.0,0.0
1,68,1.0,0.0,0.0,0.0
1,92,1.0,0.0,0.0,0.0
1,104,1.0,0.0,0.0,0.0
1,157,0.0,1.0,0.0,0.0
1,213,0.0,1.0,0.0,0.0
1,221,0.0,0.0,0.0,1.0
1,222,1.0,0.0,0.0,0.0
1,234,0.0,0.0,0.0,1.0
1,241,0.0,0.0,1.0,0.0
1,247,0.0,0.0,1.0,0.0
1,264,0.0,0.0,0.0,1.0
1,271,0.0,1.0,0.0,0.0
1,285,0.0,0.0,0.0,1.0
1,297,0.0,1.0,0.0,0.0
2,22,0.0,0.0,1.0,0.0
2,30,1.0,0.0,0.0,0.0
2,35,1.0,0.0,0.0,0.0
2,75,1.0,0.0,0.0,0.0
2,97,0.0,0.0,1.0,0.0
2,109,0.0,0.0,1.0,0.0
2,142,1.0,0.0,0.0,0.0
2,178,0.0,1.0,0.0,0.0
2,210,0.0,1.0,0.0,0.0
2,211,0.0,1.0,0.0,0.0
2,235,0.0,1.0,0.0,0.0
2,250,0.0,0.0,0.0,1.0
2,266,0.0,1.0,0.0,0.0
2,277,0.0,1.0,0.0,1.0
2,289,0.0,1.0,0.0,0.0
3,37,0.0,0.0,1.0,0.0
3,146,0.0,0.0,1.0,0.0
3,154,0.0,1.0,0.0,0.0
3,172,0.0,1.0,0.0,0.0
3,173,0.0,1.0,0.0,0.0
3,178,0.0,0.0,0.0,1.0
3,192,0.0,1.0,0.0,0.0
3,219,0.0,0.0,0.0,1.0
3,281,0.0,0.0,0.0,1.0
3,296,0.0,1.0,0.0,0.0
4,20,0.0,0.0,1.0,0.0
4,29,0.0,0.0,1.0,0.0
4,58,0.0,0.0,1.0,0.0
4,67,0.0,0.0,1.0,0.0
4,77,1.0,0.0,0.0,0.0
4,80,0.0,0.0,1.0,0.0
4,98,1.0,0.0,0.0,0.0
4,117,0.0,0.0,1.0,0.0
4,121,1.0,0.0,0.0,0.0
4,134,0.0,0.0,0.0,1.0
4,146,1.0,0.0,0.0,0.0
4,169,0.0,0.0,0.0,1.0
4,216,0.0,0.0,0.0,1.0
4,223,0.0,1.0,0.0,0.0
4,224,0.0,0.0,0.0,1.0
4,230,0.0,1.0,0.0,0.0
4,233,0.0,1.0,0.0,0.0
4,234,0.0,1.0,0.0,0.0
4,249,0.0,0.0,0.0,1.0
4,257,1.0,1.0,0.0,0.0
4,275,0.0,1.0,0.0,0.0
4,278,0.0,1.0,0.0,0.0
4,280,0.0,1.0,0.0,0.0
5,0,1.0,0.0,0.0,0.0
5,20,0.0,0.0,1.0,0.0
5,22,1.0,0.0,0.0,0.0
5,32,1.0,0.0,0.0,0.0
5,40,0.0,0.0,1.0,0.0
5,43,0.0,0.0,1.0,0.0
5,112,0.0,0.0,1.0,0.0
5,124,1.0,0.0,0.0,0.0
5,189,0.0,0.0,0.0,1.0
5,212,1.0,0.0,0.0,0.0
5,231,0.0,0.0,0.0,1.0
5,235,0.0,0.0,0.0,1.0
5,289,0.0,1.0,0.0,0.0
5,291,0.0,0.0,0.0,1.0
6,5,0.0,0.0,1.0,0.0
6,19,1.0,0.0,0.0,0.0
6,49,0.0,0.0,1.0,0.0
6,62,0.0,0.0,1.0,0.0
6,79,1.0,0.0,0.0,0.0
6,84,1.0,0.0,0.0,0.0
6,96,1.0,0.0,0.0,0.0
6,117,0.0,1.0,0.0,0.0
6,123,0.0,0.0,1.0,0.0
6,129,1.0,0.0,0.0,0.0
6,161,0.0,0.0,1.0,0.0
6,190,0.0,0.0,0.0,1.0
6,200,0.0,1.0,0.0,0.0
6,217,0.0,0.0,1.0,0.0
6,238,0.0,0.0,0.0,1.0
6,247,0.0,0.0,0.0,1.0
6,258,0.0,0.0,0.0,1.0
6,262,0.0,0.0,0.0,1.0
6,267,0.0,0.0,0.0,1.0
6,268,0.0,0.0,0.0,1.0
6,278,0.0,1.0,0.0,0.0
6,282,1.0,0.0,0.0,0.0
7,11,1.0,0.0,0.0,0.0
7,13,0.0,0.0,0.0,1.0
7,21,0.0,0.0,0.0,1.0
7,46,0.0,0.0,1.0,0.0
7,55,1.0,0.0,0.0,0.0
7,102,1.0,0.0,0.0,0.0
7,161,0.0,1.0,0.0,0.0
7,194,0.0,0.0,0.0,1.0
7,210,0.0,1.0,0.0,0.0
7,211,1.0,0.0,0.0,0.0
7,247,0.0,1.0,0.0,0.0
7,253,0.0,0.0,0.0,1.0
7,256,0.0,1.0,0.0,0.0
7,263,1.0,0.0,0.0,0.0
7,283,0.0,0.0,0.0,1.0
8,4,0.0,0.0,1.0,0.0
8,12,0.0,0.0,1.0,0.0
8,79,0.0,1.0,0.0,0.0
8,92,0.0,0.0,1.0,0.0
8,108,0.0,0.0,1.0,0.0
8,147,1.0,0.0,0.0,0.0
8,148,0.0,0.0,0.0,1.0
8,176,0.0,0.0,0.0,1.0
8,186,0.0,1.0,0.0,0.0
8,205,0.0,0.0,0.0,1.0
8,209,0.0,0.0,0.0,1.0
8,287,0.0,0.0,0.0,1.0
8,296,0.0,1.0,0.0,0.0
8,299,0.0,0.0,0.0,1.0
9,2,1.0,0.0,0.0,0.0
9,20,1.0,0.0,0.0,0.0
9,46,1.0,0.0,0.0,0.0
9,57,1.0,0.0,0.0,0.0
9,60,1.0,0.0,0.0,0.0
9,67,1.0,0.0,0.0,0.0
9,78,1.0,0.0,0.0,0.0
9,176,0.0,1.0,0.0,0.0
9,191,0.0,1.0,0.0,0.0
9,193,0.0,1.0,0.0,0.0
9,209,0.0,1.0,0.0,0.0
9,226,1.0,0.0,0.0,0.0
9,234,0.0,1.0,0.0,0.0
9,266,0.0,0.0,0.0,1.0
9,270,0.0,0.0,0.0,1.0
9,284,0.0,0.0,0.0,1.0
9,292,0.0,1.0,0.0,0.0
10,22,0.0,0.0,1.0,0.0
10,27,1.0,0.0,0.0,0.0
10,33,0.0,0.0,0.0,1.0
10,51,0.0,0.0,0.0,1.0
10,57,0.0,0.0,1.0,0.0
10,63,0.0,0.0,1.0,0.0
10,65,1.0,0.0,0.0,0.0
10,69,0.0,0.0,1.0,0.0
10,71,0.0,0.0,1.0,0.0
10,104,1.0,0.0,1.0,0.0
10,129,0.0,0.0,1.0,0.0
10,134,0.0,0.0,1.0,0.0
10,143,1.0,0.0,0.0,0.0
10,155,0.0,1.0,0.0,0.0
10,176,0.0,1.0,0.0,0.0
10,250,0.0,1.0,0.0,0.0
10,290,0.0,1.0,0.0,0.0
10,291,0.0,0.0,0.0,1.0
11,29,0.0,0.0,1.0,0.0
11,74,1.0,0.0,0.0,0.0
11,76,1.0,0.0,0.0,0.0
11,89,1.0,0.0,0.0,0.0
11,94,1.0,0.0,0.0,0.0
11,95,0.0,0.0,1.0,0.0
11,118,0.0,0.0,1.0,0.0
11,138,1.0,0.0,0.0,0.0
11,178,0.0,0.0,0.0,1.0
11,186,0.0,0.0,0.0,1.0
11,189,0.0,0.0,0.0,1.0
11,201,1.0,0.0,0.0,0.0
11,202,0.0,1.0,0.0,0.0
11,222,0.0,0.0,0.0,1.0
11,235,0.0,1.0,0.0,0.0
11,236,0.0,1.0,0.0,0.0
11,241,0.0,1.0,0.0,0.0
11,248,0.0,0.0,0.0,1.0
11,252,0.0,0.0,0.0,1.0
11,253,0.0,0.0,0.0,1.0
11,285,0.0,1.0,0.0,0.0
12,31,1.0,0.0,0.0,0.0
12,49,0.0,0.0,1.0,0.0
12,163,0.0,0.0,1.0,0.0
12,167,0.0,1.0,0.0,0.0
12,170,0.0,1.0,0.0,0.0
12,174,0.0,0.0,0.0,1.0
12,175,0.0,0.0,0.0,1.0
12,187,1.0,0.0,0.0,0.0
12,191,0.0,1.0,0.0,0.0
12,192,0.0,0.0,0.0,1.0
12,195,0.0,0.0,0.0,1.0
12,213,0.0,1.0,0.0,0.0
12,274,0.0,1.0,0.0,0.0
12,275,0.0,1.0,0.0,0.0
12,290,0.0,1.0,0.0,0.0
12,294,0.0,1.0,0.0,0.0
12,299,0.0,1.0,0.0,0.0
13,31,0.0,0.0,1.0,0.0
13,41,0.0,0.0,1.0,0.0
13,51,1.0,0.0,0.0,0.0
13,75,0.0,1.0,0.0,0.0
13,119,1.0,0.0,0.0,0.0
13,122,1.0,0.0,0.0,0.0
13,129,1.0,0.0,0.0,0.0
13,143,0.0,0.0,1.0,0.0
13,149,1.0,0.0,0.0,0.0
13,172,0.0,1.0,0.0,0.0
13,208,0.0,1.0,0.0,1.0
13,240,0.0,1.0,0.0,0.0
13,285,0.0,0.0,0.0,1.0
13,290,0.0,1.0,0.0,0.0
13,297,0.0,0.0,0.0,1.0
14,24,0.0,0.0,1.0,0.0
14,27,0.0,0.0,0.0,1.0
14,44,0.0,1.0,0.0,0.0
14,47,1.0,0.0,0.0,0.0
14,61,0.0,0.0,1.0,0.0
14,121,1.0,0.0,0.0,0.0
14,124,0.0,1.0,0.0,0.0
14,134,1.0,0.0,0.0,0.0
14,149,1.0,0.0,0.0,0.0
14,152,0.0,1.0,0.0,0.0
14,169,0.0,1.0,0.0,0.0
14,176,0.0,0.0,0.0,1.0
14,209,0.0,1.0,0.0,0.0
14,268,0.0,0.0,0.0,1.0
14,271,0.0,0.0,0.0,1.0
14,289,0.0,0.0,0.0,1.0
14,291,0.0,1.0,0.0,0.0
14,293,0.0,0.0,0.0,1.0
15,6,1.0,0.0,0.0,0.0
15,37,1.0,0.0,0.0,0.0
15,54,0.0,0.0,1.0,0.0
15,69,1.0,0.0,1.0,0.0
15,74,0.0,0.0,1.0,0.0
15,76,0.0,0.0,0.0,1.0
15,136,1.0,0.0,0.0,0.0
15,137,0.0,0.0,1.0,0.0
15,144,1.0,0.0,0.0,0.0
15,153,0.0,0.0,0.0,1.0
15,156,0.0,0.0,0.0,1.0
15,224,1.0,0.0,0.0,0.0
15,229,0.0,1.0,0.0,0.0
15,233,0.0,0.0,1.0,0.0
15,247,0.0,1.0,0.0,0.0
15,250,0.0,0.0,1.0,0.0
15,259,0.0,0.0,0.0,1.0
15,263,0.0,1.0,0.0,0.0
15,285,0.0,0.0,0.0,1.0
15,297,0.0,1.0,0.0,0.0
16,0,1.0,0.0,0.0,0.0
16,12,1.0,0.0,0.0,0.0
16,23,0.0,0.0,1.0,0.0
16,32,0.0,0.0,1.0,0.0
16,33,1.0,0.0,0.0,0.0
16,39,1.0,0.0,0.0,0.0
16,172,0.0,1.0,0.0,0.0
16,173,0.0,0.0,0.0,1.0
16,180,0.0,0.0,0.0,1.0
16,198,0.0,1.0,0.0,0.0
16,203,0.0,0.0,0.0,1.0
16,216,0.0,0.0,0.0,1.0
16,227,0.0,1.0,0.0,1.0
16,233,0.0,1.0,0.0,0.0
16,244,0.0,1.0,0.0,0.0
16,256,0.0,1.0,0.0,0.0
16,288,0.0,0.0,0.0,1.0
16,292,0.0,0.0,0.0,1.0
17,13,1.0,0.0,0.0,0.0
17,23,1.0,0.0,0.0,0.0
17,25,0.0,1.0,0.0,0.0
17,26,1.0,0.0,0.0,0.0
17,47,0.0,1.0,0.0,0.0
17,49,1.0,0.0,0.0,0.0
17,67,1.0,0.0,0.0,0.0
17,105,0.0,0.0,1.0,0.0
17,140,0.0,1.0,0.0,0.0
17,144,0.0,0.0,1.0,0.0
17,174,0.0,1.0,0.0,0.0
17,189,0.0,0.0,1.0,0.0
17,194,0.0,0.0,0.0,1.0
17,202,0.0,1.0,0.0,0.0
17,204,0.0,0.0,1.0,0.0
17,207,0.0,0.0,0.0,1.0
17,230,0.0,0.0,1.0,1.0
17,239,0.0,1.0,0.0,0.0
17,264,0.0,1.0,0.0,0.0
17,272,0.0,0.0,0.0,1.0
17,280,0.0,0.0,0.0,1.0
17,287,0.0,0.0,0.0,1.0
18,7,1.0,0.0,0.0,0.0
18,13,0.0,0.0,1.0,0.0
18,20,0.0,0.0,0.0,1.0
18,23,1.0,0.0,0.0,0.0
18,39,0.0,0.0,1.0,0.0
18,74,1.0,0.0,0.0,0.0
18,102,1.0,0.0,0.0,0.0
18,131,0.0,0.0,0.0,1.0
18,171,1.0,0.0,0.0,0.0
18,205,0.0,1.0,0.0,0.0
18,218,0.0,0.0,0.0,1.0
18,259,0.0,1.0,0.0,0.0
18,297,0.0,1.0,0.0,0.0
19,7,1.0,0.0,0.0,0.0
19,26,0.0,1.0,0.0,0.0
19,28,0.0,0.0,1.0,0.0
19,74,1.0,0.0,0.0,0.0
19,75,1.0,0.0,0.0,0.0
19,76,0.0,0.0,1.0,0.0
19,80,0.0,0.0,1.0,0.0
19,85,0.0,0.0,1.0,0.0
19,102,1.0,0.0,0.0,0.0
19,133,0.0,0.0,1.0,0.0
19,187,0.0,0.0,1.0,0.0
19,196,0.0,0.0,0.0,1.0
19,216,0.0,1.0,0.0,0.0
19,244,0.0,0.0,0.0,1.0
19,256,0.0,0.0,0.0,1.0
19,268,0.0,1.0,0.0,0.0
19,274,0.0,0.0,0.0,1.0
20,12,0.0,0.0,1.0,0.0
20,19,1.0,0.0,0.0,0.0
20,23,1.0,0.0,0.0,0.0
20,59,0.0,0.0,0.0,1.0
20,70,1.0,0.0,0.0,0.0
20,78,0.0,0.0,1.0,0.0
20,96,1.0,0.0,0.0,0.0
20,109,1.0,0.0,0.0,0.0
20,133,1.0,0.0,0.0,0.0
20,134,0.0,0.0,1.0,0.0
20,153,0.0,0.0,0.0,1.0
20,187,0.0,1.0,0.0,0.0
20,202,0.0,1.0,0.0,0.0
20,205,0.0,1.0,0.0,0.0
20,206,0.0,1.0,0.0,0.0
20,234,0.0,1.0,0.0,0.0
20,250,0.0,1.0,0.0,0.0
20,261,0.0,1.0,0.0,0.0
20,268,0.0,0.0,0.0,1.0
20,297,0.0,0.0,0.0,1.0
21,20,1.0,0.0,0.0,0.0
21,68,0.0,0.0,1.0,0.0
21,70,1.0,0.0,0.0,0.0
21,83,1.0,0.0,0.0,0.0
21,98,0.0,0.0,1.0,0.0
21,103,1.0,0.0,0.0,0.0
21,126,0.0,0.0,1.0,0.0
21,133,0.0,0.0,1.0,0.0
21,135,0.0,1.0,0.0,0.0
21,142,0.0,0.0,1.0,0.0
21,171,0.0,1.0,0.0,0.0
21,184,0.0,0.0,0.0,1.0
21,195,0.0,1.0,0.0,0.0
21,204,0.0,0.0,0.0,1.0
21,224,0.0,1.0,0.0,0.0
21,237,0.0,0.0,0.0,1.0
21,251,0.0,1.0,0.0,0.0
21,267,0.0,1.0,0.0,0.0
21,283,0.0,1.0,0.0,0.0
22,2,0.0,0.0,1.0,0.0
22,30,1.0,0.0,0.0,0.0
22,31,1.0,0.0,0.0,0.0
22,61,0.0,0.0,1.0,0.0
22,66,1.0,0.0,0.0,0.0
22,69,0.0,0.0,1.0,0.0
22,77,1.0,0.0,0.0,0.0
22,107,1.0,0.0,0.0,0.0
22,110,0.0,0.0,0.0,1.0
22,111,0.0,0.0,0.0,1.0
22,133,0.0,0.0,1.0,0.0
22,172,0.0,0.0,1.0,0.0
22,194,0.0,1.0,0.0,0.0
22,227,0.0,1.0,0.0,0.0
22,237,0.0,0.0,0.0,1.0
22,244,0.0,0.0,0.0,1.0
22,255,0.0,0.0,0.0,1.0
22,280,1.0,0.0,0.0,0.0
22,299,0.0,0.0,0.0,1.0
23,38,0.0,1.0,0.0,0.0
23,48,0.0,0.0,1.0,0.0
23,96,1.0,0.0,0.0,0.0
23,115,0.0,1.0,0.0,0.0
23,116,1.0,0.0,0.0,0.0
23,139,0.0,0.0,0.0,1.0
23,153,0.0,1.0,0.0,0.0
23,201,0.0,1.0,0.0,0.0
23,233,0.0,1.0,0.0,0.0
23,236,0.0,1.0,0.0,0.0
23,252,0.0,0.0,0.0,1.0
23,268,0.0,1.0,0.0,0.0
24,15,0.0,0.0,1.0,0.0
24,27,1.0,0.0,0.0,0.0
24,37,0.0,0.0,1.0,0.0
24,41,1.0,0.0,0.0,0.0
24,70,1.0,0.0,0.0,0.0
24,73,0.0,0.0,1.0,0.0
24,79,1.0,0.0,0.0,0.0
24,103,0.0,0.0,1.0,0.0
24,136,1.0,0.0,0.0,0.0
24,140,0.0,0.0,1.0,0.0
24,143,0.0,1.0,0.0,0.0
24,152,0.0,1.0,0.0,0.0
24,203,0.0,0.0,0.0,1.0
24,238,0.0,0.0,0.0,1.0
24,246,0.0,0.0,0.0,1.0
24,247,0.0,0.0,1.0,1.0
24,258,0.0,0.0,0.0,1.0
24,262,0.0,0.0,0.0,1.0
24,279,0.0,0.0,0.0,1.0
24,290,1.0,0.0,0.0,0.0
24,295,0.0,0.0,1.0,0.0
25,34,0.0,0.0,1.0,0.0
25,46,0.0,0.0,1.0,0.0
25,48,0.0,0.0,1.0,0.0
25,55,1.0,0.0,0.0,0.0
25,56,1.0,0.0,0.0,0.0
25,61,1.0,0.0,0.0,0.0
25,65,1.0,0.0,0.0,0.0
25,73,1.0,0.0,0.0,0.0
25,75,0.0,0.0,1.0,0.0
25,79,0.0,0.0,1.0,0.0
25,80,0.0,0.0,1.0,0.0
25,84,1.0,0.0,0.0,0.0
25,91,0.0,0.0,1.0,0.0
25,101,0.0,0.0,0.0,1.0
25,137,1.0,0.0,1.0,0.0
25,147,0.0,0.0,1.0,0.0
25,199,0.0,1.0,0.0,0.0
25,213,0.0,0.0,0.0,1.0
25,232,0.0,0.0,0.0,1.0
25,237,0.0,0.0,0.0,1.0
26,6,0.0,0.0,1.0,0.0
26,9,1.0,0.0,0.0,0.0
26,42,1.0,0.0,0.0,0.0
26,60,0.0,0.0,1.0,0.0
26,69,0.0,0.0,1.0,0.0
26,74,0.0,0.0,1.0,0.0
26,80,1.0,0.0,0.0,0.0
26,91,1.0,0.0,0.0,0.0
26,138,0.0,0.0,1.0,0.0
26,152,0.0,1.0,0.0,0.0
26,158,0.0,1.0,0.0,0.0
26,185,0.0,1.0,0.0,0.0
26,199,0.0,0.0,0.0,1.0
26,207,0.0,1.0,0.0,0.0
26,211,1.0,0.0,0.0,1.0
26,214,0.0,0.0,0.0,1.0
26,217,0.0,0.0,1.0,0.0
26,224,0.0,1.0,0.0,0.0
26,234,0.0,0.0,0.0,1.0
26,247,0.0,1.0,0.0,0.0
27,15,1.0,0.0,0.0,0.0
27,19,0.0,0.0,0.0,1.0
27,28,1.0,0.0,0.0,0.0
27,44,1.0,0.0,0.0,0.0
27,54,1.0,0.0,0.0,0.0
27,94,1.0,0.0,0.0,0.0
27,101,1.0,0.0,0.0,0.0
27,104,1.0,0.0,0.0,0.0
27,111,1.0,0.0,0.0,0.0
27,169,0.0,0.0,0.0,1.0
27,170,0.0,0.0,0.0,1.0
27,173,0.0,0.0,0.0,1.0
27,260,0.0,1.0,0.0,0.0
27,266,0.0,0.0,0.0,1.0
28,6,0.0,0.0,1.0,0.0
28,64,1.0,0.0,0.0,0.0
28,67,0.0,0.0,1.0,0.0
28,79,0.0,0.0,1.0,0.0
28,92,0.0,0.0,1.0,0.0
28,112,0.0,0.0,1.0,0.0
28,126,1.0,0.0,0.0,0.0
28,149,0.0,0.0,1.0,0.0
28,173,0.0,1.0,0.0,0.0
28,181,0.0,1.0,0.0,0.0
28,184,0.0,0.0,0.0,1.0
28,188,0.0,0.0,0.0,1.0
28,210,0.0,0.0,0.0,1.0
28,214,0.0,0.0,0.0,1.0
28,227,0.0,1.0,0.0,0.0
28,268,0.0,0.0,0.0,1.0
28,290,0.0,1.0,0.0,0.0
28,292,0.0,1.0,0.0,0.0
29,59,0.0,0.0,1.0,0.0
29,84,1.0,0.0,0.0,0.0
29,88,1.0,0.0,0.0,0.0
29,97,0.0,0.0,1.0,0.0
29,122,0.0,0.0,1.0,0.0
29,168,0.0,0.0,0.0,1.0
29,197,1.0,0.0,0.0,0.0
29,234,0.0,0.0,0.0,1.0
29,242,0.0,1.0,0.0,0.0
29,279,0.0,0.0,0.0,1.0
30,0,0.0,0.0,0.0,1.0
30,4,1.0,0.0,0.0,0.0
30,13,1.0,0.0,0.0,0.0
30,14,1.0,0.0,0.0,0.0
30,19,0.0,0.0,1.0,0.0
30,23,0.0,1.0,0.0,0.0
30,46,0.0,1.0,0.0,0.0
30,53,0.0,0.0,1.0,0.0
30,59,0.0,0.0,1.0,0.0
30,129,0.0,0.0,1.0,0.0
30,137,1.0,0.0,0.0,0.0
30,152,0.0,0.0,0.0,1.0
30,167,0.0,1.0,0.0,0.0
30,179,0.0,1.0,0.0,0.0
30,188,0.0,1.0,0.0,0.0
30,234,0.0,1.0,0.0,0.0
30,238,0.0,1.0,0.0,0.0
30,259,0.0,0.0,0.0,1.0
30,263,0.0,1.0,0.0,0.0
30,277,0.0,0.0,1.0,0.0
31,63,1.0,0.0,0.0,0.0
31,74,0.0,0.0,1.0,0.0
31,78,1.0,0.0,0.0,0.0
31,100,1.0,0.0,0.0,0.0
31,107,0.0,0.0,0.0,1.0
31,121,0.0,0.0,1.0,0.0
31,130,1.0,0.0,0.0,0.0
31,134,0.0,0.0,1.0,0.0
31,160,0.0,1.0,0.0,0.0
31,190,0.0,1.0,0.0,0.0
31,191,0.0,0.0,0.0,1.0
31,205,0.0,1.0,0.0,0.0
31,217,0.0,0.0,0.0,1.0
31,219,0.0,0.0,1.0,0.0
31,250,0.0,1.0,0.0,0.0
31,263,0.0,1.0,0.0,0.0
31,264,0.0,0.0,0.0,1.0
31,284,0.0,0.0,0.0,1.0
32,5,1.0,0.0,0.0,0.0
32,29,0.0,1.0,0.0,0.0
32,78,0.0,0.0,1.0,0.0
32,95,1.0,0.0,0.0,0.0
32,96,0.0,0.0,1.0,0.0
32,108,0.0,0.0,1.0,0.0
32,118,1.0,0.0,0.0,0.0
32,156,0.0,0.0,0.0,1.0
32,177,0.0,1.0,0.0,0.0
32,182,0.0,1.0,0.0,0.0
32,186,0.0,0.0,0.0,1.0
32,188,0.0,1.0,0.0,0.0
32,189,0.0,0.0,1.0,0.0
32,212,0.0,0.0,0.0,1.0
32,239,0.0,0.0,1.0,0.0
32,270,0.0,1.0,0.0,1.0
32,276,0.0,0.0,0.0,1.0
32,281,0.0,1.0,0.0,0.0
33,4,1.0,0.0,0.0,0.0
33,10,0.0,0.0,1.0,0.0
33,16,1.0,0.0,1.0,0.0
33,49,0.0,0.0,1.0,0.0
33,67,0.0,1.0,0.0,0.0
33,81,0.0,0.0,1.0,0.0
33,94,1.0,0.0,0.0,0.0
33,132,1.0,0.0,0.0,0.0
33,140,0.0,0.0,1.0,0.0
33,178,0.0,1.0,0.0,0.0
33,188,0.0,0.0,0.0,1.0
33,200,0.0,0.0,0.0,1.0
33,210,0.0,1.0,0.0,0.0
33,212,0.0,0.0,0.0,1.0
33,227,0.0,1.0,0.0,0.0
33,228,0.0,1.0,0.0,0.0
33,262,0.0,0.0,0.0,1.0
33,263,1.0,0.0,0.0,0.0
33,272,0.0,1.0,0.0,0.0
33,281,0.0,0.0,0.0,1.0
33,285,0.0,1.0,0.0,0.0
33,293,0.0,1.0,0.0,0.0
34,9,0.0,0.0,1.0,0.0
34,45,0.0,0.0,0.0,1.0
34,78,1.0,0.0,0.0,0.0
34,83,1.0,0.0,0.0,0.0
34,90,1.0,0.0,0.0,0.0
34,115,0.0,0.0,1.0,0.0
34,138,1.0,0.0,0.0,0.0
34,144,1.0,0.0,0.0,0.0
34,197,0.0,0.0,1.0,0.0
34,205,0.0,0.0,0.0,1.0
34,207,0.0,1.0,0.0,1.0
34,224,0.0,0.0,0.0,1.0
34,247,0.0,1.0,0.0,0.0
34,272,0.0,0.0,0.0,1.0
34,290,0.0,0.0,0.0,1.0
34,291,0.0,1.0,0.0,0.0
35,27,0.0,0.0,1.0,0.0
35,50,0.0,0.0,1.0,0.0
35,104,0.0,0.0,1.0,0.0
35,105,1.0,0.0,0.0,0.0
35,132,0.0,0.0,1.0,0.0
35,188,0.0,0.0,0.0,1.0
35,205,0.0,1.0,0.0,0.0
35,219,0.0,1.0,0.0,0.0
35,227,0.0,1.0,0.0,0.0
35,237,1.0,0.0,0.0,0.0
35,286,0.0,0.0,0.0,1.0
36,20,0.0,0.0,1.0,0.0
36,31,0.0,0.0,0.0,1.0
36,33,1.0,0.0,0.0,0.0
36,47,1.0,0.0,0.0,0.0
36,62,1.0,0.0,0.0,0.0
36,66,1.0,0.0,0.0,0.0
36,71,1.0,0.0,0.0,0.0
36,89,0.0,0.0,1.0,0.0
36,100,0.0,0.0,1.0,0.0
36,130,1.0,0.0,0.0,0.0
36,137,0.0,0.0,1.0,0.0
36,160,0.0,1.0,0.0,0.0
36,187,0.0,1.0,0.0,0.0
36,222,0.0,1.0,0.0,1.0
36,225,0.0,1.0,0.0,0.0
36,251,0.0,0.0,0.0,1.0
36,259,0.0,1.0,0.0,0.0
36,296,0.0,1.0,0.0,0.0
37,4,1.0,0.0,0.0,0.0
37,10,0.0,0.0,1.0,0.0
37,11,1.0,0.0,0.0,0.0
37,18,1.0,0.0,0.0,0.0
37,30,1.0,0.0,0.0,0.0
37,34,0.0,0.0,1.0,0.0
37,36,0.0,0.0,1.0,0.0
37,45,0.0,1.0,0.0,0.0
37,62,1.0,0.0,0.0,0.0
37,98,0.0,0.0,1.0,0.0
37,112,1.0,0.0,0.0,0.0
37,115,1.0,0.0,0.0,0.0
37,124,0.0,0.0,1.0,0.0
37,140,0.0,1.0,0.0,0.0
37,141,1.0,0.0,0.0,0.0
37,149,0.0,0.0,1.0,0.0
37,172,0.0,0.0,0.0,1.0
37,191,0.0,1.0,0.0,0.0
37,208,0.0,1.0,0.0,0.0
37,214,0.0,1.0,0.0,0.0
37,218,0.0,0.0,0.0,1.0
37,234,0.0,1.0,0.0,0.0
37,269,0.0,0.0,0.0,1.0
37,274,0.0,1.0,0.0,0.0
37,277,0.0,0.0,0.0,1.0
37,289,0.0,1.0,0.0,0.0
37,294,0.0,1.0,0.0,0.0
38,0,1.0,0.0,0.0,0.0
38,1,0.0,0.0,1.0,0.0
38,7,0.0,0.0,1.0,0.0
38,21,1.0,0.0,0.0,0.0
38,48,0.0,0.0,1.0,0.0
38,49,0.0,0.0,1.0,0.0
38,56,1.0,0.0,0.0,0.0
38,64,0.0,1.0,0.0,0.0
38,121,0.0,1.0,1.0,0.0
38,133,0.0,0.0,1.0,0.0
38,171,0.0,0.0,0.0,1.0
38,196,0.0,1.0,0.0,0.0
38,208,0.0,1.0,0.0,0.0
38,211,0.0,0.0,0.0,1.0
38,228,0.0,0.0,0.0,1.0
38,257,0.0,0.0,0.0,1.0
38,258,0.0,0.0,0.0,1.0
38,261,0.0,0.0,0.0,1.0
38,262,0.0,1.0,0.0,0.0
38,272,0.0,1.0,0.0,0.0
38,279,0.0,1.0,0.0,0.0
39,15,0.0,0.0,1.0,0.0
39,29,1.0,0.0,0.0,0.0
39,30,0.0,0.0,1.0,0.0
39,65,0.0,0.0,1.0,0.0
39,69,1.0,0.0,0.0,0.0
39,106,0.0,0.0,1.0,0.0
39,114,1.0,0.0,0.0,0.0
39,135,0.0,0.0,1.0,0.0
39,160,0.0,0.0,1.0,0.0
39,173,0.0,0.0,0.0,1.0
39,176,0.0,0.0,0.0,1.0
39,178,0.0,0.0,0.0,1.0
39,200,0.0,0.0,0.0,1.0
39,208,0.0,0.0,1.0,0.0
39,224,0.0,0.0,0.0,1.0
39,236,0.0,1.0,0.0,0.0
39,265,0.0,0.0,0.0,1.0
39,277,0.0,1.0,0.0,0.0
39,298,1.0,0.0,0.0,0.0
40,9,1.0,0.0,0.0,0.0
40,38,0.0,0.0,1.0,0.0
40,39,1.0,0.0,0.0,0.0
40,47,1.0,0.0,0.0,0.0
40,54,1.0,0.0,0.0,0.0
40,58,1.0,0.0,0.0,0.0
40,59,0.0,0.0,1.0,0.0
40,65,0.0,0.0,0.0,1.0
40,75,0.0,0.0,1.0,0.0
40,107,0.0,1.0,0.0,0.0
40,123,1.0,0.0,0.0,0.0
40,129,1.0,0.0,0.0,0.0
40,153,0.0,0.0,0.0,1.0
40,168,0.0,0.0,0.0,1.0
40,243,0.0,0.0,0.0,1.0
41,23,0.0,0.0,1.0,0.0
41,25,1.0,0.0,0.0,0.0
41,59,1.0,0.0,0.0,0.0
41,81,0.0,0.0,1.0,0.0
41,123,1.0,0.0,0.0,0.0
41,148,0.0,0.0,1.0,0.0
41,254,0.0,1.0,0.0,0.0
41,286,0.0,0.0,0.0,1.0
42,20,1.0,0.0,0.0,0.0
42,46,1.0,0.0,0.0,0.0
42,69,0.0,0.0,1.0,0.0
42,83,0.0,0.0,1.0,0.0
42,102,1.0,0.0,0.0,0.0
42,103,1.0,0.0,0.0,0.0
42,111,1.0,0.0,0.0,0.0
42,145,0.0,0.0,0.0,1.0
42,158,0.0,0.0,0.0,1.0
42,198,0.0,0.0,1.0,0.0
42,212,0.0,1.0,0.0,0.0
42,234,0.0,1.0,0.0,0.0
42,254,0.0,0.0,1.0,0.0
42,267,0.0,0.0,0.0,1.0
43,32,0.0,0.0,1.0,0.0
43,48,0.0,0.0,1.0,0.0
43,58,0.0,0.0,1.0,0.0
43,64,0.0,0.0,1.0,0.0
43,70,1.0,0.0,0.0,0.0
43,92,0.0,1.0,0.0,0.0
43,106,0.0,0.0,1.0,0.0
43,162,0.0,1.0,0.0,0.0
43,179,1.0,0.0,0.0,0.0
43,180,0.0,1.0,0.0,0.0
43,203,0.0,1.0,0.0,0.0
43,206,0.0,0.0,0.0,1.0
43,214,0.0,1.0,0.0,0.0
43,269,0.0,0.0,0.0,1.0
44,8,1.0,0.0,0.0,0.0
44,95,0.0,0.0,1.0,0.0
44,101,1.0,0.0,1.0,0.0
44,103,1.0,0.0,0.0,0.0
44,104,0.0,0.0,1.0,0.0
44,145,0.0,0.0,1.0,0.0
44,166,1.0,0.0,0.0,0.0
44,178,0.0,1.0,0.0,0.0
44,183,0.0,0.0,0.0,1.0
44,241,0.0,0.0,0.0,1.0
44,256,0.0,1.0,0.0,0.0
45,7,0.0,0.0,1.0,0.0
45,31,0.0,0.0,1.0,0.0
45,129,1.0,0.0,0.0,0.0
45,140,0.0,0.0,1.0,0.0
45,159,0.0,0.0,0.0,1.0
45,173,0.0,0.0,0.0,1.0
45,193,0.0,1.0,0.0,0.0
45,196,0.0,0.0,0.0,1.0
45,210,0.0,1.0,0.0,0.0
45,211,0.0,1.0,0.0,0.0
45,230,0.0,1.0,0.0,0.0
45,239,0.0,0.0,0.0,1.0
45,274,0.0,0.0,0.0,1.0
45,278,0.0,0.0,0.0,1.0
46,15,0.0,0.0,1.0,0.0
46,29,0.0,1.0,0.0,0.0
46,43,1.0,0.0,0.0,0.0
46,73,1.0,0.0,0.0,0.0
46,90,1.0,0.0,0.0,0.0
46,91,0.0,0.0,1.0,0.0
46,99,0.0,0.0,1.0,0.0
46,128,0.0,0.0,1.0,0.0
46,138,1.0,0.0,1.0,0.0
46,199,0.0,0.0,0.0,1.0
46,270,0.0,1.0,0.0,0.0
46,272,0.0,1.0,0.0,0.0
47,4,1.0,0.0,0.0,0.0
47,25,1.0,0.0,0.0,0.0
47,33,0.0,0.0,0.0,1.0
47,59,0.0,1.0,0.0,0.0
47,76,0.0,0.0,1.0,0.0
47,115,1.0,0.0,0.0,0.0
47,119,0.0,0.0,1.0,0.0
47,123,1.0,0.0,0.0,0.0
47,133,0.0,0.0,1.0,0.0
47,147,1.0,0.0,0.0,0.0
47,154,0.0,1.0,0.0,0.0
47,165,0.0,1.0,0.0,0.0
47,167,0.0,0.0,0.0,1.0
47,189,0.0,1.0,0.0,0.0
47,214,0.0,1.0,0.0,0.0
47,224,0.0,0.0,0.0,1.0
47,226,0.0,1.0,0.0,0.0
47,235,0.0,1.0,0.0,0.0
47,239,0.0,0.0,0.0,1.0
47,259,0.0,0.0,0.0,1.0
47,270,0.0,1.0,0.0,0.0
47,291,0.0,0.0,1.0,0.0
47,299,0.0,1.0,0.0,0.0
48,12,1.0,0.0,0.0,0.0
48,13,0.0,0.0,1.0,0.0
48,32,0.0,0.0,1.0,0.0
48,63,0.0,0.0,1.0,0.0
48,74,0.0,0.0,1.0,0.0
48,76,1.0,0.0,0.0,0.0
48,114,0.0,0.0,1.0,0.0
48,123,0.0,0.0,1.0,0.0
48,128,0.0,0.0,1.0,0.0
48,142,0.0,0.0,1.0,0.0
48,146,0.0,0.0,1.0,0.0
48,149,0.0,0.0,1.0,0.0
48,155,1.0,0.0,0.0,0.0
48,182,0.0,1.0,0.0,0.0
48,203,0.0,1.0,0.0,1.0
48,212,0.0,0.0,0.0,1.0
48,214,0.0,0.0,0.0,1.0
48,220,0.0,0.0,0.0,1.0
48,263,0.0,1.0,0.0,0.0
48,265,0.0,0.0,0.0,1.0
49,19,0.0,0.0,0.0,1.0
49,32,1.0,0.0,0.0,0.0
49,59,0.0,0.0,1.0,0.0
49,82,1.0,0.0,0.0,0.0
49,87,0.0,0.0,1.0,0.0
49,89,0.0,0.0,1.0,0.0
49,114,0.0,0.0,1.0,0.0
49,154,0.0,1.0,0.0,0.0
49,171,0.0,0.0,0.0,1.0
49,181,0.0,0.0,0.0,1.0
49,187,0.0,1.0,0.0,0.0
49,191,0.0,1.0,0.0,0.0
49,193,0.0,1.0,0.0,0.0
49,197,0.0,0.0,0.0,1.0
49,213,0.0,0.0,0.0,1.0
49,229,0.0,0.0,0.0,1.0
49,237,0.0,0.0,0.0,1.0
49,246,0.0,0.0,0.0,1.0
49,268,0.0,0.0,0.0,1.0
49,275,0.0,0.0,0.0,1.0
49,282,0.0,0.0,0.0,1.0
49,294,0.0,0.0,0.0,1.0
50,19,0.0,0.0,1.0,0.0
50,25,0.0,0.0,1.0,0.0
50,41,1.0,0.0,0.0,0.0
50,129,0.0,0.0,0.0,1.0
50,135,0.0,0.0,1.0,0.0
50,153,0.0,0.0,0.0,1.0
50,172,0.0,0.0,0.0,1.0
50,173,0.0,1.0,0.0,0.0
50,176,0.0,0.0,0.0,1.0
50,185,0.0,0.0,0.0,1.0
50,242,0.0,1.0,0.0,1.0
50,244,0.0,1.0,0.0,0.0
50,279,0.0,1.0,0.0,0.0
50,288,0.0,0.0,0.0,1.0
51,9,1.0,0.0,0.0,0.0
51,11,0.0,0.0,0.0,1.0
51,22,0.0,0.0,0.0,1.0
51,24,1.0,0.0,0.0,0.0
51,31,1.0,0.0,0.0,0.0
51,38,1.0,0.0,0.0,0.0
51,40,1.0,0.0,0.0,0.0
51,98,0.0,0.0,1.0,0.0
51,106,0.0,0.0,1.0,0.0
51,112,0.0,0.0,1.0,0.0
51,131,0.0,1.0,0.0,0.0
51,144,1.0,0.0,0.0,0.0
51,148,0.0,0.0,0.0,1.0
51,150,0.0,0.0,0.0,1.0
51,164,0.0,0.0,0.0,1.0
51,185,0.0,0.0,0.0,1.0
51,199,0.0,1.0,0.0,0.0
51,210,0.0,1.0,0.0,0.0
51,226,0.0,0.0,0.0,1.0
51,230,0.0,1.0,0.0,0.0
51,231,0.0,1.0,0.0,0.0
51,276,0.0,0.0,0.0,1.0
51,294,1.0,0.0,0.0,0.0
51,296,0.0,0.0,0.0,1.0
52,74,1.0,0.0,0.0,0.0
52,79,0.0,0.0,1.0,0.0
52,96,1.0,0.0,0.0,0.0
52,99,0.0,0.0,1.0,0.0
52,139,1.0,0.0,0.0,0.0
52,156,0.0,1.0,0.0,0.0
52,160,0.0,0.0,0.0,1.0
52,166,0.0,1.0,0.0,0.0
52,175,0.0,1.0,0.0,0.0
52,206,0.0,0.0,0.0,1.0
52,237,0.0,0.0,0.0,1.0
52,240,1.0,0.0,0.0,0.0
52,259,0.0,1.0,0.0,0.0
52,264,0.0,0.0,0.0,1.0
53,5,1.0,0.0,0.0,0.0
53,25,1.0,0.0,0.0,0.0
53,79,1.0,0.0,0.0,0.0
53,97,0.0,0.0,1.0,0.0
53,118,1.0,0.0,0.0,0.0
53,130,0.0,0.0,1.0,0.0
53,142,0.0,0.0,1.0,0.0
53,157,0.0,1.0,0.0,0.0
53,167,0.0,1.0,0.0,0.0
53,210,0.0,0.0,0.0,1.0
53,212,0.0,1.0,0.0,0.0
53,223,0.0,0.0,0.0,1.0
53,231,0.0,0.0,1.0,0.0
54,8,0.0,0.0,0.0,1.0
54,17,0.0,0.0,1.0,0.0
54,21,1.0,0.0,0.0,0.0
54,38,0.0,0.0,1.0,0.0
54,45,0.0,0.0,1.0,0.0
54,82,0.0,0.0,1.0,0.0
54,111,1.0,0.0,0.0,0.0
54,129,1.0,0.0,0.0,0.0
54,182,0.0,1.0,0.0,0.0
54,188,0.0,1.0,0.0,0.0
54,198,0.0,0.0,1.0,0.0
54,213,0.0,1.0,0.0,0.0
54,218,0.0,0.0,0.0,1.0
54,219,0.0,1.0,0.0,0.0
54,229,0.0,1.0,0.0,0.0
54,233,0.0,0.0,0.0,1.0
54,240,0.0,1.0,0.0,0.0
54,253,0.0,0.0,0.0,1.0
54,259,0.0,0.0,0.0,1.0
55,2,0.0,0.0,1.0,0.0
55,3,0.0,0.0,1.0,0.0
55,22,1.0,0.0,0.0,0.0
55,33,1.0,0.0,0.0,0.0
55,36,0.0,0.0,1.0,0.0
55,81,0.0,0.0,1.0,0.0
55,94,1.0,0.0,0.0,0.0
55,105,1.0,0.0,0.0,0.0
55,126,1.0,0.0,0.0,0.0
55,134,1.0,0.0,0.0,0.0
55,154,0.0,1.0,0.0,0.0
55,195,0.0,0.0,0.0,1.0
55,208,0.0,0.0,0.0,1.0
55,270,0.0,1.0,0.0,0.0
55,298,0.0,0.0,0.0,1.0
56,28,0.0,0.0,1.0,0.0
56,31,0.0,0.0,1.0,0.0
56,40,0.0,0.0,0.0,1.0
56,46,0.0,0.0,1.0,0.0
56,57,1.0,0.0,0.0,0.0
56,64,1.0,0.0,0.0,0.0
56,84,0.0,0.0,1.0,0.0
56,106,1.0,0.0,0.0,0.0
56,107,0.0,0.0,1.0,0.0
56,132,1.0,0.0,0.0,0.0
56,216,0.0,1.0,0.0,0.0
56,226,0.0,0.0,0.0,1.0
56,232,0.0,1.0,0.0,0.0
56,255,0.0,1.0,0.0,0.0
56,291,0.0,1.0,0.0,0.0
56,298,0.0,1.0,0.0,0.0
57,18,0.0,0.0,1.0,0.0
57,60,0.0,0.0,1.0,0.0
57,80,0.0,1.0,0.0,0.0
57,114,1.0,0.0,0.0,0.0
57,116,0.0,0.0,1.0,0.0
57,118,1.0,0.0,0.0,0.0
57,122,1.0,0.0,0.0,0.0
57,125,0.0,0.0,1.0,0.0
57,136,1.0,0.0,0.0,0.0
57,138,0.0,0.0,1.0,0.0
57,143,1.0,0.0,0.0,0.0
57,164,0.0,1.0,0.0,0.0
57,176,0.0,0.0,1.0,1.0
57,187,0.0,1.0,0.0,0.0
57,201,0.0,0.0,0.0,1.0
57,206,0.0,0.0,0.0,1.0
57,222,0.0,1.0,0.0,0.0
57,246,0.0,0.0,0.0,1.0
57,253,0.0,0.0,0.0,1.0
57,256,0.0,0.0,0.0,1.0
58,15,1.0,0.0,0.0,0.0
58,51,1.0,0.0,0.0,0.0
58,55,0.0,0.0,1.0,0.0
58,74,1.0,0.0,0.0,0.0
58,82,1.0,0.0,0.0,0.0
58,88,1.0,0.0,0.0,0.0
58,100,0.0,0.0,1.0,0.0
58,104,1.0,0.0,0.0,0.0
58,119,1.0,0.0,1.0,0.0
58,138,0.0,0.0,1.0,0.0
58,143,0.0,0.0,1.0,0.0
58,145,1.0,0.0,0.0,0.0
58,173,0.0,0.0,0.0,1.0
58,175,0.0,0.0,0.0,1.0
58,177,0.0,1.0,0.0,0.0
58,180,0.0,1.0,0.0,0.0
58,195,0.0,1.0,0.0,0.0
58,213,0.0,1.0,0.0,0.0
58,234,0.0,0.0,0.0,1.0
58,242,0.0,1.0,0.0,0.0
58,259,0.0,1.0,0.0,0.0
58,264,1.0,0.0,0.0,0.0
58,266,1.0,0.0,0.0,0.0
58,269,0.0,0.0,0.0,1.0
58,292,0.0,0.0,0.0,1.0
58,294,0.0,0.0,0.0,1.0
59,0,0.0,0.0,1.0,0.0
59,38,1.0,0.0,0.0,0.0
59,53,1.0,0.0,0.0,0.0
59,56,0.0,0.0,1.0,0.0
59,62,1.0,0.0,0.0,0.0
59,86,0.0,0.0,1.0,0.0
59,114,1.0,0.0,0.0,0.0
59,125,1.0,0.0,0.0,0.0
59,229,0.0,1.0,0.0,0.0
59,230,0.0,0.0,0.0,1.0
59,234,0.0,1.0,0.0,0.0
59,242,0.0,0.0,0.0,1.0
59,245,0.0,0.0,0.0,1.0
59,251,0.0,0.0,0.0,1.0
59,261,0.0,0.0,0.0,1.0
59,269,0.0,0.0,0.0,1.0
59,284,0.0,1.0,0.0,0.0
59,294,1.0,0.0,0.0,0.0
59,298,0.0,1.0,0.0,0.0
59,299,0.0,0.0,1.0,0.0
60,20,0.0,1.0,0.0,0.0
60,46,0.0,0.0,0.0,1.0
60,76,0.0,0.0,0.0,1.0
60,78,0.0,0.0,1.0,0.0
60,89,0.0,0.0,1.0,0.0
60,121,1.0,0.0,0.0,0.0
60,133,1.0,0.0,0.0,0.0
60,156,0.0,1.0,0.0,0.0
60,197,0.0,1.0,0.0,0.0
60,204,0.0,1.0,0.0,0.0
60,215,0.0,1.0,0.0,0.0
60,224,0.0,1.0,0.0,0.0
60,235,0.0,0.0,0.0,1.0
60,248,0.0,0.0,0.0,1.0
60,294,0.0,0.0,0.0,1.0
61,21,0.0,0.0,1.0,0.0
61,112,0.0,0.0,1.0,0.0
61,170,1.0,1.0,0.0,0.0
61,187,0.0,1.0,0.0,0.0
61,188,0.0,0.0,0.0,1.0
61,198,0.0,0.0,0.0,1.0
61,201,1.0,0.0,0.0,0.0
61,209,0.0,1.0,0.0,0.0
61,225,0.0,0.0,0.0,1.0
61,243,0.0,1.0,0.0,0.0
61,253,0.0,1.0,0.0,0.0
61,258,1.0,0.0,0.0,0.0
61,274,0.0,0.0,0.0,1.0
62,2,0.0,0.0,1.0,0.0
62,12,1.0,0.0,0.0,0.0
62,76,1.0,0.0,0.0,0.0
62,95,0.0,0.0,1.0,0.0
62,138,1.0,0.0,0.0,0.0
62,218,0.0,1.0,0.0,0.0
62,240,0.0,0.0,0.0,1.0
62,261,0.0,1.0,0.0,0.0
62,262,0.0,1.0,0.0,0.0
62,272,0.0,0.0,0.0,1.0
62,276,0.0,0.0,0.0,1.0
62,279,0.0,1.0,0.0,0.0
62,295,0.0,0.0,0.0,1.0
63,17,1.0,0.0,0.0,0.0
63,25,0.0,0.0,1.0,0.0
63,37,0.0,0.0,1.0,0.0
63,48,0.0,0.0,1.0,0.0
63,92,0.0,1.0,0.0,0.0
63,103,1.0,0.0,0.0,0.0
63,127,0.0,0.0,1.0,0.0
63,152,0.0,0.0,0.0,1.0
63,153,0.0,1.0,0.0,0.0
63,168,0.0,0.0,0.0,1.0
63,241,1.0,0.0,0.0,0.0
63,268,0.0,1.0,0.0,0.0
63,274,0.0,0.0,0.0,1.0
63,281,0.0,1.0,0.0,0.0
63,296,1.0,0.0,0.0,0.0
64,16,0.0,0.0,1.0,0.0
64,18,0.0,0.0,1.0,0.0
64,43,0.0,0.0,1.0,0.0
64,53,0.0,0.0,1.0,0.0
64,72,0.0,1.0,0.0,0.0
64,85,1.0,0.0,0.0,0.0
64,88,1.0,0.0,0.0,0.0
64,94,0.0,0.0,1.0,0.0
64,98,0.0,0.0,1.0,0.0
64,109,0.0,1.0,0.0,0.0
64,205,0.0,0.0,0.0,1.0
64,211,0.0,1.0,0.0,0.0
64,213,0.0,1.0,0.0,0.0
64,232,0.0,1.0,0.0,1.0
64,244,0.0,0.0,0.0,1.0
64,254,0.0,1.0,0.0,0.0
64,280,0.0,0.0,0.0,1.0
65,13,0.0,0.0,1.0,0.0
65,34,0.0,0.0,1.0,0.0
65,39,1.0,0.0,0.0,0.0
65,43,1.0,0.0,0.0,0.0
65,61,0.0,0.0,1.0,0.0
65,66,1.0,0.0,0.0,0.0
65,72,0.0,0.0,1.0,0.0
65,86,1.0,0.0,0.0,0.0
65,87,0.0,0.0,1.0,0.0
65,116,0.0,0.0,1.0,0.0
65,168,0.0,0.0,0.0,1.0
65,186,0.0,1.0,0.0,0.0
65,194,0.0,1.0,0.0,0.0
65,196,0.0,1.0,0.0,0.0
65,211,0.0,1.0,0.0,0.0
65,240,0.0,0.0,0.0,1.0
65,259,0.0,0.0,0.0,1.0
65,295,0.0,0.0,0.0,1.0
65,298,0.0,1.0,0.0,0.0
66,0,1.0,0.0,0.0,0.0
66,2,1.0,0.0,0.0,0.0
66,11,0.0,0.0,1.0,0.0
66,23,0.0,0.0,1.0,0.0
66,31,1.0,0.0,0.0,0.0
66,32,0.0,0.0,1.0,0.0
66,59,1.0,0.0,0.0,0.0
66,60,1.0,0.0,0.0,0.0
66,71,0.0,0.0,1.0,0.0
66,79,1.0,0.0,0.0,0.0
66,106,0.0,0.0,1.0,0.0
66,133,0.0,0.0,1.0,0.0
66,141,0.0,0.0,1.0,0.0
66,176,0.0,1.0,0.0,0.0
66,190,0.0,0.0,0.0,1.0
66,195,0.0,1.0,0.0,0.0
66,206,0.0,1.0,0.0,0.0
66,209,0.0,0.0,1.0,0.0
66,223,0.0,1.0,0.0,0.0
66,229,0.0,0.0,1.0,0.0
66,233,0.0,0.0,1.0,0.0
66,262,0.0,0.0,0.0,1.0
66,293,0.0,1.0,0.0,0.0
66,297,0.0,1.0,0.0,0.0
67,7,1.0,0.0,0.0,0.0
67,54,1.0,0.0,0.0,0.0
67,90,0.0,0.0,0.0,1.0
67,93,1.0,0.0,0.0,0.0
67,111,1.0,0.0,0.0,0.0
67,125,1.0,0.0,0.0,0.0
67,142,1.0,0.0,0.0,0.0
67,151,0.0,1.0,0.0,0.0
67,170,0.0,1.0,0.0,0.0
67,207,1.0,0.0,0.0,0.0
67,234,0.0,0.0,1.0,0.0
67,271,0.0,0.0,0.0,1.0
67,274,0.0,1.0,0.0,0.0
67,279,0.0,0.0,0.0,1.0
67,280,0.0,1.0,0.0,0.0
67,282,0.0,1.0,0.0,0.0
67,289,0.0,1.0,0.0,0.0
68,48,1.0,0.0,0.0,0.0
68,62,1.0,0.0,0.0,0.0
68,109,1.0,0.0,0.0,0.0
68,119,1.0,0.0,0.0,0.0
68,178,0.0,0.0,0.0,1.0
68,185,0.0,0.0,0.0,1.0
68,190,0.0,0.0,0.0,1.0
68,203,0.0,1.0,0.0,0.0
68,206,0.0,0.0,0.0,1.0
68,220,0.0,0.0,0.0,1.0
68,224,0.0,0.0,0.0,1.0
69,1,1.0,0.0,0.0,0.0
69,12,1.0,0.0,0.0,0.0
69,13,1.0,0.0,1.0,0.0
69,26,0.0,1.0,0.0,0.0
69,49,0.0,0.0,1.0,0.0
69,58,0.0,0.0,1.0,0.0
69,97,0.0,0.0,1.0,0.0
69,139,1.0,0.0,0.0,0.0
69,142,0.0,0.0,1.0,0.0
69,147,1.0,0.0,0.0,0.0
69,196,0.0,0.0,0.0,1.0
69,200,0.0,1.0,0.0,0.0
69,226,0.0,1.0,0.0,0.0
69,227,0.0,0.0,1.0,0.0
69,234,1.0,0.0,0.0,0.0
69,240,0.0,1.0,0.0,0.0
69,244,0.0,1.0,0.0,0.0
69,268,0.0,1.0,0.0,0.0
69,297,0.0,1.0,0.0,0.0
70,8,0.0,0.0,1.0,0.0
70,12,0.0,0.0,1.0,0.0
70,14,1.0,0.0,1.0,0.0
70,30,1.0,0.0,0.0,0.0
70,51,0.0,0.0,1.0,0.0
70,58,0.0,0.0,0.0,1.0
70,115,1.0,0.0,0.0,0.0
70,148,1.0,0.0,0.0,0.0
70,157,0.0,0.0,0.0,1.0
70,159,0.0,0.0,0.0,1.0
70,185,0.0,0.0,0.0,1.0
70,211,0.0,0.0,0.0,1.0
70,242,0.0,1.0,0.0,0.0
70,258,0.0,0.0,0.0,1.0
70,262,0.0,1.0,0.0,0.0
70,271,0.0,0.0,0.0,1.0
71,2,0.0,0.0,1.0,0.0
71,14,0.0,1.0,0.0,0.0
71,32,1.0,0.0,0.0,0.0
71,43,0.0,0.0,1.0,0.0
71,49,0.0,0.0,1.0,0.0
71,51,1.0,0.0,0.0,0.0
71,54,1.0,0.0,0.0,0.0
71,61,1.0,0.0,0.0,0.0
71,83,0.0,1.0,0.0,0.0
71,118,0.0,0.0,1.0,0.0
71,184,0.0,0.0,0.0,1.0
71,214,0.0,0.0,0.0,1.0
71,221,0.0,1.0,0.0,0.0
71,245,0.0,1.0,0.0,0.0
71,260,0.0,1.0,0.0,0.0
71,267,0.0,0.0,0.0,1.0
71,268,0.0,0.0,0.0,1.0
72,19,0.0,0.0,1.0,0.0
72,35,1.0,0.0,0.0,0.0
72,42,1.0,0.0,0.0,0.0
72,57,1.0,0.0,0.0,0.0
72,86,1.0,0.0,0.0,0.0
72,133,1.0,0.0,0.0,0.0
72,180,0.0,1.0,0.0,0.0
72,189,0.0,0.0,0.0,1.0
72,194,0.0,1.0,0.0,0.0
72,209,0.0,1.0,0.0,0.0
72,249,0.0,0.0,0.0,1.0
72,255,0.0,1.0,0.0,0.0
72,259,0.0,1.0,0.0,0.0
72,272,0.0,1.0,0.0,0.0
72,288,0.0,0.0,0.0,1.0
72,290,0.0,1.0,0.0,0.0
72,293,0.0,0.0,0.0,1.0
72,298,0.0,1.0,0.0,0.0
73,68,1.0,0.0,0.0,0.0
73,77,1.0,0.0,0.0,0.0
73,93,1.0,0.0,0.0,0.0
73,113,0.0,0.0,1.0,0.0
73,117,0.0,0.0,1.0,0.0
73,118,0.0,0.0,1.0,0.0
73,131,1.0,0.0,0.0,0.0
73,135,0.0,0.0,1.0,0.0
73,175,0.0,1.0,0.0,0.0
73,182,0.0,1.0,0.0,0.0
73,194,0.0,0.0,1.0,0.0
73,209,0.0,1.0,0.0,0.0
73,220,0.0,1.0,0.0,0.0
73,224,0.0,1.0,0.0,0.0
73,227,0.0,1.0,0.0,0.0
73,250,0.0,1.0,0.0,0.0
73,252,0.0,0.0,0.0,1.0
73,261,0.0,1.0,0.0,0.0
73,264,0.0,1.0,0.0,0.0
73,270,0.0,0.0,0.0,1.0
73,282,0.0,1.0,0.0,0.0
74,3,0.0,0.0,0.0,1.0
74,8,0.0,0.0,1.0,0.0
74,16,1.0,0.0,0.0,0.0
74,28,0.0,0.0,1.0,0.0
74,30,1.0,0.0,0.0,0.0
74,48,1.0,0.0,0.0,0.0
74,50,0.0,1.0,0.0,0.0
74,64,0.0,0.0,1.0,0.0
74,65,0.0,0.0,0.0,1.0
74,138,0.0,0.0,1.0,0.0
74,154,0.0,1.0,0.0,0.0
74,157,0.0,0.0,0.0,1.0
74,187,0.0,0.0,0.0,1.0
74,201,0.0,0.0,0.0,1.0
74,216,0.0,0.0,0.0,1.0
74,244,0.0,1.0,0.0,0.0
74,246,0.0,1.0,0.0,0.0
74,248,0.0,1.0,0.0,0.0
74,250,0.0,0.0,0.0,1.0
74,252,0.0,1.0,0.0,0.0
74,277,0.0,1.0,0.0,0.0
74,283,0.0,0.0,1.0,0.0
75,3,1.0,0.0,0.0,0.0
75,62,1.0,0.0,0.0,0.0
75,89,0.0,0.0,1.0,0.0
75,125,0.0,0.0,1.0,0.0
75,138,1.0,0.0,0.0,0.0
75,142,0.0,0.0,1.0,0.0
75,172,0.0,0.0,0.0,1.0
75,219,0.0,0.0,0.0,1.0
75,222,0.0,0.0,0.0,1.0
75,251,0.0,0.0,0.0,1.0
75,255,0.0,1.0,0.0,0.0
75,275,0.0,1.0,0.0,0.0
75,293,1.0,0.0,0.0,0.0
75,295,0.0,1.0,0.0,0.0
76,3,0.0,0.0,1.0,0.0
76,12,1.0,0.0,0.0,0.0
76,40,0.0,0.0,1.0,0.0
76,69,1.0,0.0,0.0,0.0
76,101,1.0,0.0,0.0,0.0
76,133,0.0,0.0,1.0,0.0
76,161,0.0,0.0,0.0,1.0
76,180,0.0,0.0,0.0,1.0
76,185,0.0,1.0,0.0,0.0
76,210,0.0,1.0,0.0,0.0
76,212,0.0,1.0,0.0,0.0
76,224,0.0,0.0,0.0,1.0
76,243,1.0,0.0,0.0,0.0
76,290,0.0,1.0,0.0,0.0
77,2,1.0,0.0,0.0,0.0
77,4,1.0,0.0,0.0,0.0
77,30,0.0,0.0,1.0,0.0
77,31,0.0,0.0,0.0,1.0
77,52,1.0,0.0,0.0,0.0
77,90,0.0,0.0,1.0,0.0
77,91,0.0,0.0,1.0,0.0
77,92,0.0,0.0,1.0,0.0
77,93,1.0,0.0,0.0,0.0
77,103,1.0,0.0,0.0,0.0
77,118,1.0,0.0,0.0,0.0
77,148,1.0,0.0,0.0,0.0
77,155,0.0,1.0,0.0,0.0
77,195,0.0,0.0,0.0,1.0
77,235,0.0,0.0,0.0,1.0
77,236,0.0,0.0,0.0,1.0
77,253,0.0,1.0,0.0,0.0
77,273,0.0,1.0,0.0,0.0
77,279,1.0,0.0,0.0,0.0
77,282,0.0,1.0,0.0,0.0
78,4,1.0,0.0,0.0,0.0
78,32,1.0,0.0,0.0,0.0
78,80,1.0,0.0,1.0,0.0
78,117,1.0,0.0,0.0,0.0
78,133,1.0,0.0,0.0,0.0
78,143,1.0,0.0,0.0,0.0
78,155,0.0,1.0,0.0,0.0
78,164,0.0,0.0,0.0,1.0
78,204,0.0,1.0,0.0,0.0
78,205,0.0,0.0,0.0,1.0
78,218,0.0,1.0,0.0,0.0
78,221,0.0,1.0,0.0,0.0
78,231,0.0,0.0,0.0,1.0
78,252,0.0,0.0,0.0,1.0
79,4,0.0,0.0,1.0,0.0
79,6,1.0,0.0,0.0,0.0
79,65,1.0,0.0,0.0,0.0
79,68,0.0,0.0,1.0,0.0
79,73,0.0,0.0,1.0,0.0
79,89,1.0,0.0,0.0,0.0
79,101,1.0,0.0,0.0,0.0
79,102,1.0,0.0,0.0,0.0
79,119,0.0,0.0,1.0,0.0
79,124,0.0,0.0,1.0,0.0
79,131,0.0,0.0,1.0,0.0
79,139,1.0,0.0,1.0,0.0
79,144,1.0,0.0,0.0,0.0
79,145,1.0,0.0,0.0,0.0
79,170,0.0,0.0,0.0,1.0
79,185,0.0,1.0,0.0,0.0
79,206,0.0,0.0,0.0,1.0
79,218,0.0,1.0,0.0,0.0
79,223,0.0,1.0,0.0,0.0
79,258,0.0,1.0,0.0,0.0
79,271,0.0,1.0,0.0,0.0
79,291,0.0,0.0,0.0,1.0
79,299,0.0,0.0,0.0,1.0
80,13,0.0,0.0,0.0,1.0
80,28,1.0,0.0,0.0,0.0
80,37,1.0,0.0,0.0,0.0
80,49,0.0,0.0,1.0,0.0
80,63,0.0,0.0,1.0,0.0
80,78,1.0,0.0,0.0,0.0
80,92,0.0,0.0,1.0,0.0
80,101,0.0,0.0,1.0,0.0
80,103,0.0,0.0,1.0,0.0
80,173,0.0,1.0,0.0,0.0
80,211,0.0,1.0,0.0,0.0
80,224,0.0,0.0,0.0,1.0
80,244,0.0,0.0,0.0,1.0
80,276,0.0,1.0,0.0,0.0
80,293,0.0,0.0,0.0,1.0
81,31,0.0,0.0,1.0,0.0
81,32,0.0,0.0,0.0,1.0
81,54,0.0,0.0,1.0,0.0
81,55,0.0,0.0,1.0,0.0
81,60,0.0,0.0,1.0,0.0
81,119,1.0,0.0,0.0,0.0
81,120,1.0,0.0,1.0,0.0
81,141,1.0,0.0,0.0,0.0
81,153,0.0,0.0,0.0,1.0
81,157,0.0,1.0,0.0,0.0
81,159,0.0,1.0,0.0,0.0
81,177,0.0,1.0,0.0,0.0
81,216,0.0,1.0,0.0,0.0
81,226,0.0,1.0,0.0,0.0
81,231,0.0,1.0,0.0,0.0
81,233,0.0,1.0,0.0,0.0
81,242,0.0,1.0,0.0,0.0
81,252,0.0,1.0,0.0,0.0
81,275,0.0,0.0,0.0,1.0
82,10,0.0,0.0,1.0,0.0
82,15,0.0,0.0,1.0,0.0
82,41,0.0,0.0,1.0,0.0
82,42,1.0,0.0,0.0,0.0
82,62,0.0,0.0,0.0,1.0
82,65,0.0,0.0,1.0,0.0
82,67,1.0,0.0,0.0,0.0
82,84,0.0,0.0,0.0,1.0
82,90,0.0,0.0,1.0,0.0
82,133,1.0,0.0,0.0,0.0
82,134,0.0,0.0,1.0,0.0
82,142,0.0,0.0,1.0,0.0
82,163,0.0,0.0,0.0,1.0
82,188,0.0,0.0,0.0,1.0
82,220,0.0,1.0,0.0,0.0
82,221,0.0,0.0,0.0,1.0
82,247,0.0,1.0,0.0,0.0
82,267,0.0,1.0,0.0,0.0
82,285,0.0,0.0,0.0,1.0
82,292,0.0,0.0,0.0,1.0
82,295,1.0,0.0,0.0,0.0
83,5,1.0,0.0,0.0,0.0
83,33,0.0,0.0,1.0,0.0
83,39,0.0,0.0,1.0,0.0
83,75,1.0,0.0,0.0,0.0
83,77,0.0,0.0,1.0,0.0
83,112,1.0,0.0,0.0,0.0
83,149,1.0,0.0,0.0,0.0
83,206,0.0,1.0,0.0,0.0
83,231,0.0,1.0,0.0,0.0
83,232,1.0,0.0,0.0,0.0
83,250,0.0,1.0,0.0,0.0
83,292,0.0,1.0,0.0,1.0
84,13,0.0,1.0,0.0,0.0
84,27,1.0,0.0,0.0,0.0
84,30,0.0,0.0,1.0,0.0
84,31,0.0,0.0,1.0,0.0
84,44,0.0,0.0,0.0,1.0
84,46,0.0,0.0,1.0,0.0
84,63,1.0,0.0,0.0,0.0
84,66,1.0,0.0,0.0,0.0
84,76,0.0,0.0,1.0,0.0
84,86,1.0,0.0,0.0,0.0
84,88,0.0,0.0,1.0,0.0
84,107,0.0,0.0,1.0,0.0
84,115,0.0,0.0,1.0,0.0
84,150,0.0,1.0,0.0,0.0
84,173,0.0,1.0,0.0,0.0
84,174,0.0,0.0,0.0,1.0
84,191,0.0,0.0,0.0,1.0
84,204,0.0,0.0,0.0,1.0
84,223,0.0,1.0,0.0,0.0
84,229,0.0,0.0,0.0,1.0
85,44,0.0,0.0,1.0,0.0
85,45,0.0,1.0,0.0,0.0
85,58,0.0,0.0,1.0,0.0
85,76,1.0,0.0,1.0,0.0
85,79,0.0,0.0,1.0,0.0
85,97,0.0,0.0,1.0,0.0
85,124,0.0,0.0,1.0,0.0
85,125,0.0,0.0,1.0,0.0
85,142,0.0,0.0,1.0,0.0
85,146,0.0,0.0,1.0,0.0
85,163,0.0,0.0,0.0,1.0
85,188,0.0,0.0,0.0,1.0
85,190,0.0,0.0,0.0,1.0
85,192,0.0,1.0,0.0,0.0
85,200,0.0,0.0,0.0,1.0
85,203,0.0,0.0,0.0,1.0
85,216,0.0,1.0,0.0,0.0
85,219,0.0,1.0,0.0,0.0
85,226,0.0,1.0,0.0,0.0
85,235,0.0,1.0,0.0,0.0
85,252,0.0,0.0,0.0,1.0
85,255,0.0,1.0,0.0,0.0
85,298,0.0,0.0,0.0,1.0
86,7,0.0,0.0,1.0,0.0
86,15,1.0,0.0,0.0,0.0
86,65,1.0,0.0,0.0,0.0
86,79,0.0,0.0,1.0,0.0
86,80,1.0,0.0,0.0,0.0
86,115,0.0,0.0,1.0,0.0
86,131,0.0,0.0,0.0,1.0
86,133,1.0,0.0,0.0,0.0
86,160,0.0,0.0,0.0,1.0
86,190,0.0,1.0,0.0,0.0
86,193,0.0,1.0,0.0,0.0
86,202,0.0,0.0,0.0,1.0
86,214,0.0,0.0,0.0,1.0
86,249,0.0,0.0,0.0,1.0
86,256,0.0,1.0,0.0,0.0
86,299,0.0,1.0,0.0,0.0
87,12,1.0,0.0,0.0,0.0
87,16,0.0,0.0,1.0,0.0
87,63,1.0,0.0,0.0,0.0
87,73,0.0,0.0,0.0,1.0
87,124,0.0,0.0,1.0,0.0
87,131,1.0,0.0,0.0,0.0
87,139,1.0,0.0,0.0,0.0
87,153,0.0,1.0,0.0,0.0
87,202,0.0,0.0,0.0,1.0
87,214,0.0,0.0,0.0,1.0
87,221,0.0,0.0,0.0,1.0
87,245,0.0,0.0,0.0,1.0
87,286,0.0,1.0,0.0,0.0
88,8,1.0,0.0,0.0,0.0
88,22,1.0,0.0,0.0,0.0
88,33,0.0,0.0,1.0,0.0
88,37,1.0,0.0,0.0,0.0
88,40,0.0,0.0,1.0,0.0
88,62,0.0,0.0,1.0,0.0
88,65,1.0,0.0,0.0,0.0
88,97,0.0,0.0,1.0,0.0
88,98,1.0,0.0,0.0,0.0
88,106,0.0,0.0,1.0,0.0
88,114,0.0,0.0,1.0,0.0
88,132,0.0,0.0,1.0,0.0
88,139,0.0,1.0,0.0,0.0
88,156,0.0,1.0,0.0,0.0
88,196,1.0,0.0,0.0,0.0
88,200,0.0,0.0,0.0,1.0
88,215,0.0,1.0,0.0,0.0
88,220,0.0,0.0,0.0,1.0
88,234,0.0,1.0,0.0,0.0
88,251,0.0,1.0,0.0,0.0
89,75,0.0,0.0,1.0,0.0
89,115,1.0,0.0,0.0,0.0
89,118,1.0,0.0,0.0,0.0
89,130,1.0,0.0,0.0,0.0
89,138,1.0,0.0,0.0,1.0
89,156,0.0,1.0,0.0,0.0
89,160,0.0,1.0,0.0,0.0
89,195,0.0,1.0,0.0,0.0
89,206,0.0,1.0,0.0,0.0
89,217,0.0,1.0,0.0,0.0
89,224,0.0,1.0,0.0,0.0
89,234,0.0,0.0,0.0,1.0
89,237,0.0,0.0,0.0,1.0
89,253,0.0,1.0,0.0,0.0
90,25,1.0,0.0,0.0,0.0
90,35,0.0,0.0,1.0,0.0
90,40,0.0,0.0,1.0,0.0
90,54,0.0,0.0,1.0,0.0
90,60,0.0,0.0,1.0,0.0
90,72,0.0,0.0,1.0,0.0
90,73,0.0,0.0,1.0,0.0
90,92,1.0,0.0,0.0,0.0
90,99,0.0,0.0,0.0,1.0
90,103,0.0,0.0,1.0,0.0
90,110,1.0,0.0,0.0,0.0
90,147,1.0,0.0,0.0,0.0
90,159,0.0,0.0,0.0,1.0
90,184,0.0,0.0,0.0,1.0
90,205,0.0,0.0,1.0,0.0
90,207,0.0,0.0,0.0,1.0
90,209,0.0,0.0,0.0,1.0
90,222,0.0,1.0,0.0,0.0
90,247,0.0,0.0,0.0,1.0
90,261,0.0,0.0,0.0,1.0
90,268,0.0,0.0,0.0,1.0
90,278,0.0,0.0,0.0,1.0
91,1,1.0,0.0,0.0,0.0
91,4,0.0,0.0,1.0,0.0
91,27,0.0,0.0,1.0,0.0
91,108,1.0,0.0,0.0,0.0
91,130,0.0,0.0,1.0,0.0
91,143,0.0,0.0,1.0,0.0
91,145,1.0,0.0,0.0,0.0
91,169,0.0,1.0,0.0,0.0
91,178,0.0,0.0,0.0,1.0
91,237,0.0,0.0,0.0,1.0
91,253,0.0,0.0,0.0,1.0
91,262,1.0,0.0,0.0,0.0
91,263,0.0,0.0,1.0,0.0
91,270,0.0,1.0,0.0,0.0
92,13,0.0,0.0,1.0,0.0
92,55,0.0,0.0,1.0,0.0
92,56,1.0,0.0,0.0,0.0
92,63,1.0,0.0,0.0,0.0
92,107,0.0,0.0,0.0,1.0
92,109,1.0,0.0,0.0,0.0
92,137,1.0,0.0,0.0,0.0
92,141,1.0,0.0,0.0,0.0
92,142,0.0,0.0,1.0,0.0
92,143,0.0,0.0,1.0,0.0
92,184,0.0,0.0,0.0,1.0
92,186,0.0,0.0,0.0,1.0
92,195,1.0,0.0,0.0,0.0
92,199,0.0,0.0,0.0,1.0
92,200,0.0,0.0,0.0,1.0
92,228,0.0,1.0,0.0,0.0
92,234,0.0,0.0,0.0,1.0
92,241,0.0,1.0,0.0,0.0
92,244,0.0,1.0,0.0,0.0
92,274,0.0,0.0,0.0,1.0
92,287,0.0,1.0,0.0,0.0
92,298,0.0,1.0,0.0,0.0
93,10,0.0,0.0,1.0,0.0
93,55,1.0,0.0,0.0,0.0
93,95,0.0,0.0,1.0,0.0
93,101,1.0,0.0,0.0,0.0
93,105,0.0,0.0,0.0,1.0
93,131,0.0,0.0,1.0,0.0
93,166,0.0,1.0,0.0,1.0
93,169,0.0,0.0,0.0,1.0
93,171,0.0,1.0,0.0,0.0
93,173,0.0,1.0,0.0,1.0
93,221,0.0,1.0,0.0,0.0
93,223,1.0,0.0,0.0,0.0
93,231,0.0,1.0,0.0,0.0
93,243,0.0,0.0,0.0,1.0
93,244,0.0,1.0,0.0,0.0
93,245,0.0,0.0,0.0,1.0
93,257,0.0,0.0,0.0,1.0
93,283,0.0,0.0,0.0,1.0
94,61,1.0,0.0,0.0,0.0
94,87,1.0,0.0,0.0,0.0
94,115,0.0,0.0,1.0,0.0
94,122,1.0,0.0,0.0,0.0
94,165,0.0,0.0,0.0,1.0
94,254,0.0,1.0,0.0,0.0
94,263,0.0,0.0,0.0,1.0
94,278,0.0,0.0,0.0,1.0
94,297,0.0,1.0,0.0,0.0
95,42,0.0,0.0,1.0,0.0
95,57,1.0,0.0,0.0,0.0
95,87,0.0,0.0,1.0,0.0
95,102,1.0,0.0,0.0,0.0
95,131,1.0,0.0,0.0,0.0
95,148,1.0,0.0,0.0,0.0
95,149,1.0,0.0,0.0,0.0
95,155,0.0,0.0,1.0,0.0
95,162,0.0,1.0,0.0,0.0
95,165,0.0,0.0,0.0,1.0
95,167,0.0,0.0,0.0,1.0
95,281,0.0,1.0,0.0,0.0
95,298,0.0,1.0,0.0,0.0
96,11,0.0,0.0,0.0,1.0
96,35,0.0,0.0,1.0,0.0
96,36,1.0,0.0,0.0,0.0
96,63,1.0,0.0,0.0,0.0
96,65,0.0,0.0,1.0,0.0
96,74,0.0,0.0,1.0,0.0
96,97,1.0,0.0,0.0,0.0
96,123,0.0,0.0,1.0,0.0
96,146,1.0,0.0,0.0,0.0
96,158,0.0,0.0,0.0,1.0
96,186,0.0,1.0,0.0,0.0
96,199,0.0,0.0,0.0,1.0
96,221,0.0,1.0,0.0,0.0
96,248,0.0,1.0,0.0,0.0
96,252,0.0,1.0,0.0,0.0
96,256,0.0,0.0,0.0,1.0
96,268,0.0,0.0,0.0,1.0
96,269,0.0,1.0,0.0,0.0
96,276,0.0,1.0,0.0,0.0
96,282,0.0,1.0,0.0,0.0
96,299,0.0,0.0,0.0,1.0
97,4,1.0,0.0,0.0,0.0
97,6,1.0,0.0,0.0,0.0
97,9,1.0,0.0,0.0,0.0
97,31,1.0,0.0,0.0,0.0
97,37,1.0,0.0,0.0,0.0
97,45,0.0,0.0,1.0,0.0
97,60,0.0,0.0,1.0,0.0
97,72,1.0,0.0,0.0,0.0
97,84,0.0,0.0,1.0,0.0
97,107,0.0,0.0,1.0,0.0
97,119,0.0,0.0,0.0,1.0
97,138,0.0,0.0,1.0,0.0
97,154,0.0,1.0,0.0,0.0
97,187,0.0,1.0,0.0,0.0
97,211,0.0,0.0,0.0,1.0
97,271,0.0,0.0,1.0,0.0
98,15,1.0,0.0,0.0,0.0
98,22,0.0,0.0,1.0,0.0
98,45,1.0,0.0,0.0,0.0
98,61,0.0,0.0,1.0,0.0
98,87,0.0,0.0,1.0,0.0
98,92,0.0,0.0,1.0,0.0
98,95,0.0,0.0,1.0,0.0
98,173,0.0,1.0,0.0,1.0
98,191,0.0,0.0,0.0,1.0
98,206,0.0,1.0,0.0,0.0
98,209,0.0,0.0,0.0,1.0
98,228,0.0,1.0,0.0,0.0
98,244,0.0,0.0,0.0,1.0
98,250,0.0,0.0,0.0,1.0
98,269,1.0,0.0,0.0,0.0
98,296,0.0,1.0,0.0,0.0
99,21,0.0,0.0,1.0,0.0
99,104,1.0,0.0,0.0,0.0
99,107,1.0,0.0,1.0,0.0
99,126,0.0,0.0,1.0,0.0
99,140,1.0,0.0,0.0,0.0
99,158,0.0,0.0,0.0,1.0
99,170,0.0,1.0,0.0,0.0
99,171,0.0,0.0,1.0,0.0
99,178,0.0,1.0,0.0,0.0
99,204,0.0,1.0,0.0,0.0
99,209,0.0,0.0,0.0,1.0
99,244,0.0,0.0,0.0,1.0
99,258,0.0,0.0,0.0,1.0
99,263,0.0,1.0,0.0,0.0
99,268,0.0,1.0,0.0,0.0
99,280,0.0,0.0,0.0,1.0
99,288,0.0,0.0,0.0,1.0
99,296,0.0,0.0,0.0,1.0
100,13,0.0,0.0,1.0,0.0
100,31,0.0,0.0,1.0,0.0
100,73,1.0,0.0,0.0,0.0
100,89,1.0,0.0,0.0,0.0
100,111,0.0,0.0,0.0,1.0
100,132,1.0,0.0,0.0,0.0
100,139,1.0,0.0,0.0,0.0
100,168,0.0,0.0,0.0,1.0
100,184,0.0,0.0,0.0,1.0
100,206,0.0,0.0,0.0,1.0
100,209,0.0,0.0,1.0,0.0
100,217,0.0,0.0,0.0,1.0
100,240,0.0,0.0,0.0,1.0
100,245,0.0,0.0,0.0,1.0
100,289,0.0,1.0,0.0,0.0
101,2,0.0,0.0,0.0,1.0
101,4,1.0,0.0,0.0,0.0
101,8,0.0,0.0,1.0,0.0
101,30,0.0,0.0,0.0,1.0
101,34,1.0,0.0,0.0,0.0
101,47,1.0,0.0,0.0,0.0
101,67,1.0,0.0,0.0,0.0
101,71,0.0,0.0,1.0,0.0
101,81,0.0,1.0,0.0,0.0
101,104,0.0,0.0,1.0,0.0
101,113,1.0,0.0,0.0,0.0
101,117,0.0,1.0,0.0,0.0
101,129,1.0,0.0,0.0,0.0
101,163,0.0,1.0,0.0,0.0
101,184,0.0,0.0,0.0,1.0
101,187,1.0,0.0,0.0,0.0
101,205,0.0,1.0,0.0,0.0
101,211,0.0,1.0,0.0,0.0
101,227,0.0,1.0,0.0,0.0
101,228,0.0,0.0,0.0,1.0
101,232,0.0,0.0,0.0,1.0
101,248,0.0,1.0,0.0,0.0
101,277,1.0,0.0,0.0,0.0
101,284,0.0,0.0,1.0,1.0
101,296,0.0,0.0,0.0,1.0
102,17,1.0,0.0,0.0,0.0
102,115,1.0,0.0,0.0,0.0
102,119,1.0,0.0,0.0,0.0
102,122,1.0,0.0,0.0,0.0
102,142,0.0,0.0,1.0,0.0
102,198,0.0,0.0,0.0,1.0
102,217,0.0,0.0,0.0,1.0
102,223,0.0,0.0,0.0,1.0
102,236,0.0,1.0,0.0,0.0
102,271,0.0,0.0,0.0,1.0
103,53,1.0,0.0,1.0,0.0
103,59,0.0,0.0,1.0,0.0
103,64,0.0,0.0,1.0,0.0
103,66,0.0,0.0,1.0,0.0
103,109,1.0,0.0,0.0,0.0
103,139,0.0,0.0,1.0,0.0
103,142,1.0,0.0,1.0,0.0
103,158,0.0,0.0,0.0,1.0
103,210,0.0,1.0,0.0,0.0
103,213,1.0,0.0,0.0,0.0
103,217,0.0,0.0,0.0,1.0
103,224,0.0,0.0,0.0,1.0
103,241,0.0,0.0,0.0,1.0
103,248,0.0,0.0,0.0,1.0
103,250,0.0,1.0,0.0,0.0
103,261,0.0,1.0,0.0,0.0
103,266,0.0,0.0,1.0,0.0
103,270,0.0,0.0,0.0,1.0
103,282,0.0,0.0,0.0,1.0
103,296,0.0,0.0,0.0,1.0
104,19,0.0,0.0,1.0,0.0
104,30,0.0,0.0,1.0,0.0
104,42,1.0,0.0,0.0,0.0
104,46,1.0,0.0,0.0,1.0
104,127,0.0,0.0,1.0,0.0
104,181,0.0,1.0,0.0,0.0
104,226,0.0,0.0,1.0,0.0
104,227,0.0,0.0,0.0,1.0
104,235,0.0,1.0,0.0,0.0
104,249,0.0,1.0,0.0,0.0
104,278,0.0,1.0,0.0,0.0
105,0,1.0,0.0,0.0,0.0
105,17,0.0,0.0,1.0,0.0
105,23,0.0,0.0,1.0,0.0
105,92,0.0,0.0,1.0,0.0
105,113,1.0,0.0,0.0,0.0
105,114,0.0,0.0,1.0,0.0
105,120,0.0,0.0,1.0,0.0
105,136,0.0,0.0,1.0,0.0
105,149,0.0,0.0,1.0,0.0
105,154,0.0,1.0,0.0,0.0
105,163,0.0,0.0,0.0,1.0
105,202,0.0,1.0,0.0,0.0
105,221,0.0,1.0,0.0,0.0
105,252,0.0,1.0,0.0,0.0
105,257,1.0,0.0,0.0,0.0
105,274,0.0,1.0,0.0,0.0
105,284,0.0,0.0,0.0,1.0
106,3,1.0,0.0,0.0,0.0
106,4,0.0,0.0,1.0,0.0
106,33,1.0,0.0,0.0,0.0
106,78,0.0,0.0,1.0,0.0
106,91,0.0,0.0,1.0,0.0
106,94,0.0,0.0,0.0,1.0
106,145,1.0,0.0,0.0,0.0
106,149,0.0,0.0,1.0,0.0
106,167,0.0,0.0,1.0,0.0
106,172,0.0,1.0,0.0,0.0
106,176,0.0,1.0,0.0,0.0
106,211,0.0,0.0,0.0,1.0
106,228,0.0,0.0,0.0,1.0
106,248,0.0,0.0,0.0,1.0
106,260,0.0,1.0,0.0,0.0
106,264,0.0,1.0,0.0,0.0
106,291,0.0,0.0,0.0,1.0
106,295,0.0,0.0,0.0,1.0
106,296,0.0,1.0,0.0,0.0
107,14,0.0,0.0,1.0,0.0
107,38,0.0,0.0,1.0,0.0
107,130,1.0,0.0,0.0,0.0
107,131,0.0,0.0,1.0,0.0
107,135,0.0,0.0,1.0,0.0
107,143,0.0,0.0,1.0,0.0
107,150,0.0,1.0,0.0,0.0
107,153,0.0,0.0,0.0,1.0
107,175,0.0,0.0,0.0,1.0
107,194,0.0,1.0,0.0,0.0
107,211,0.0,0.0,0.0,1.0
107,222,0.0,0.0,0.0,1.0
107,233,0.0,1.0,0.0,0.0
107,236,0.0,1.0,0.0,0.0
107,237,0.0,0.0,1.0,0.0
108,44,0.0,0.0,1.0,0.0
108,45,1.0,0.0,0.0,0.0
108,115,0.0,0.0,1.0,0.0
108,127,0.0,0.0,1.0,0.0
108,156,0.0,1.0,0.0,0.0
108,162,0.0,1.0,0.0,0.0
108,183,0.0,0.0,0.0,1.0
108,186,0.0,0.0,0.0,1.0
108,195,0.0,0.0,0.0,1.0
108,220,0.0,1.0,0.0,0.0
108,233,0.0,0.0,0.0,1.0
108,299,0.0,1.0,0.0,0.0
109,20,0.0,0.0,0.0,1.0
109,22,0.0,0.0,1.0,0.0
109,26,0.0,0.0,1.0,0.0
109,39,1.0,0.0,0.0,0.0
109,66,0.0,0.0,1.0,0.0
109,85,0.0,0.0,1.0,0.0
109,88,0.0,0.0,1.0,0.0
109,102,1.0,0.0,0.0,0.0
109,118,0.0,0.0,1.0,0.0
109,121,1.0,0.0,0.0,0.0
109,154,0.0,0.0,0.0,1.0
109,163,0.0,0.0,0.0,1.0
109,172,0.0,0.0,0.0,1.0
109,173,0.0,1.0,0.0,0.0
109,238,0.0,1.0,0.0,0.0
109,244,1.0,0.0,0.0,0.0
109,245,0.0,1.0,0.0,0.0
109,276,0.0,1.0,0.0,0.0
110,24,0.0,0.0,1.0,0.0
110,41,0.0,0.0,1.0,0.0
110,58,0.0,0.0,1.0,0.0
110,66,1.0,0.0,0.0,0.0
110,67,0.0,0.0,0.0,1.0
110,72,1.0,0.0,0.0,0.0
110,79,1.0,0.0,0.0,0.0
110,86,0.0,0.0,1.0,0.0
110,89,0.0,0.0,1.0,0.0
110,102,1.0,0.0,0.0,0.0
110,142,0.0,1.0,0.0,0.0
110,169,0.0,1.0,0.0,0.0
110,172,0.0,1.0,0.0,0.0
110,182,0.0,1.0,0.0,0.0
110,201,0.0,0.0,1.0,0.0
110,217,0.0,1.0,0.0,0.0
110,227,0.0,0.0,0.0,1.0
110,245,0.0,0.0,0.0,1.0
110,274,0.0,0.0,0.0,1.0
111,7,1.0,0.0,0.0,0.0
111,21,1.0,0.0,0.0,0.0
111,71,1.0,0.0,0.0,0.0
111,90,1.0,0.0,0.0,0.0
111,104,0.0,0.0,1.0,0.0
111,113,0.0,1.0,0.0,0.0
111,160,0.0,1.0,0.0,0.0
111,162,0.0,0.0,0.0,1.0
111,196,0.0,0.0,0.0,1.0
111,202,0.0,0.0,1.0,0.0
111,210,0.0,0.0,0.0,1.0
111,215,0.0,0.0,1.0,0.0
111,230,0.0,0.0,0.0,1.0
111,261,0.0,0.0,0.0,1.0
111,264,0.0,1.0,0.0,0.0
111,284,0.0,1.0,0.0,0.0
111,299,0.0,1.0,0.0,0.0
112,3,0.0,0.0,1.0,0.0
112,6,1.0,0.0,0.0,0.0
112,24,1.0,0.0,0.0,0.0
112,45,1.0,0.0,0.0,0.0
112,55,1.0,0.0,0.0,0.0
112,70,1.0,0.0,0.0,0.0
112,104,1.0,0.0,0.0,0.0
112,140,0.0,0.0,1.0,0.0
112,155,0.0,0.0,0.0,1.0
112,158,0.0,1.0,0.0,0.0
112,165,0.0,1.0,0.0,0.0
112,171,0.0,0.0,0.0,1.0
112,186,0.0,1.0,0.0,0.0
112,210,0.0,1.0,0.0,0.0
112,223,0.0,1.0,0.0,0.0
112,287,0.0,1.0,0.0,0.0
113,0,1.0,0.0,0.0,0.0
113,3,1.0,0.0,0.0,0.0
113,25,1.0,0.0,0.0,0.0
113,28,0.0,0.0,1.0,0.0
113,45,0.0,0.0,0.0,1.0
113,61,1.0,0.0,0.0,0.0
113,85,1.0,0.0,0.0,0.0
113,88,0.0,0.0,1.0,0.0
113,94,1.0,0.0,0.0,0.0
113,107,1.0,0.0,0.0,0.0
113,128,0.0,0.0,1.0,0.0
113,139,1.0,0.0,0.0,0.0
113,148,1.0,0.0,1.0,0.0
113,152,0.0,1.0,0.0,0.0
113,183,0.0,0.0,0.0,1.0
113,212,0.0,1.0,0.0,0.0
113,247,0.0,1.0,0.0,0.0
113,254,0.0,1.0,0.0,0.0
113,262,0.0,1.0,0.0,0.0
113,269,0.0,1.0,0.0,0.0
113,274,0.0,0.0,0.0,1.0
113,290,0.0,1.0,0.0,0.0
114,8,1.0,0.0,0.0,0.0
114,11,0.0,0.0,1.0,0.0
114,27,1.0,0.0,0.0,0.0
114,51,0.0,0.0,1.0,0.0
114,53,1.0,0.0,0.0,0.0
114,56,1.0,0.0,0.0,0.0
114,63,0.0,0.0,1.0,0.0
114,70,0.0,1.0,0.0,0.0
114,75,0.0,0.0,1.0,0.0
114,80,0.0,0.0,1.0,0.0
114,91,0.0,0.0,1.0,0.0
114,122,1.0,0.0,0.0,0.0
114,125,0.0,0.0,1.0,0.0
114,133,1.0,0.0,0.0,0.0
114,138,1.0,0.0,1.0,0.0
114,148,1.0,0.0,0.0,0.0
114,157,0.0,1.0,0.0,0.0
114,162,0.0,1.0,0.0,0.0
114,168,0.0,1.0,0.0,0.0
114,172,0.0,1.0,0.0,0.0
114,173,0.0,1.0,0.0,0.0
114,194,0.0,0.0,0.0,1.0
114,225,0.0,1.0,0.0,0.0
114,247,0.0,1.0,0.0,0.0
114,265,0.0,0.0,0.0,1.0
114,270,0.0,0.0,0.0,1.0
114,281,0.0,1.0,0.0,0.0
115,14,1.0,0.0,1.0,0.0
115,40,0.0,0.0,1.0,0.0
115,41,0.0,1.0,0.0,0.0
115,76,0.0,0.0,1.0,0.0
115,93,1.0,0.0,0.0,0.0
115,99,0.0,0.0,0.0,1.0
115,101,0.0,0.0,1.0,0.0
115,122,1.0,0.0,0.0,0.0
115,138,0.0,0.0,1.0,0.0
115,143,0.0,0.0,1.0,0.0
115,215,0.0,0.0,0.0,1.0
115,219,0.0,0.0,0.0,1.0
115,227,0.0,1.0,0.0,0.0
115,232,0.0,1.0,0.0,0.0
116,11,1.0,0.0,0.0,0.0
116,12,0.0,0.0,1.0,0.0
116,23,0.0,0.0,1.0,0.0
116,24,1.0,0.0,0.0,0.0
116,25,0.0,0.0,1.0,0.0
116,33,1.0,0.0,0.0,0.0
116,49,0.0,0.0,1.0,0.0
116,50,0.0,0.0,1.0,0.0
116,58,0.0,0.0,1.0,0.0
116,65,0.0,0.0,1.0,1.0
116,93,1.0,0.0,0.0,0.0
116,94,1.0,0.0,0.0,0.0
116,113,1.0,0.0,0.0,0.0
116,147,0.0,0.0,1.0,0.0
116,219,0.0,1.0,0.0,0.0
116,222,0.0,1.0,0.0,0.0
116,239,0.0,0.0,0.0,1.0
116,255,0.0,1.0,0.0,0.0
116,275,0.0,0.0,0.0,1.0
116,276,0.0,1.0,0.0,0.0
116,279,0.0,0.0,0.0,1.0
116,281,0.0,1.0,0.0,0.0
116,288,0.0,1.0,0.0,0.0
116,294,0.0,0.0,0.0,1.0
117,3,1.0,0.0,0.0,0.0
117,14,0.0,0.0,0.0,1.0
117,22,1.0,0.0,0.0,0.0
117,27,0.0,0.0,1.0,0.0
117,38,1.0,0.0,0.0,0.0
117,58,1.0,0.0,0.0,0.0
117,89,0.0,0.0,1.0,0.0
117,90,1.0,0.0,0.0,0.0
117,160,0.0,0.0,0.0,1.0
117,163,0.0,0.0,0.0,1.0
117,179,0.0,0.0,0.0,1.0
117,186,0.0,1.0,0.0,0.0
117,190,0.0,0.0,0.0,1.0
117,255,0.0,1.0,0.0,0.0
117,289,0.0,0.0,0.0,1.0
118,9,1.0,0.0,0.0,0.0
118,17,0.0,0.0,1.0,0.0
118,36,1.0,0.0,0.0,0.0
118,43,0.0,0.0,1.0,0.0
118,44,0.0,0.0,1.0,0.0
118,94,0.0,0.0,1.0,0.0
118,107,0.0,0.0,1.0,0.0
118,111,0.0,0.0,1.0,0.0
118,116,1.0,0.0,0.0,0.0
118,119,1.0,0.0,0.0,0.0
118,174,0.0,0.0,0.0,1.0
118,186,0.0,0.0,0.0,1.0
118,211,0.0,1.0,0.0,0.0
118,224,1.0,0.0,0.0,0.0
118,234,0.0,1.0,0.0,0.0
118,238,0.0,1.0,0.0,0.0
118,239,0.0,1.0,0.0,0.0
118,242,0.0,0.0,0.0,1.0
118,245,0.0,0.0,0.0,1.0
118,247,0.0,0.0,0.0,1.0
118,252,0.0,1.0,0.0,0.0
118,261,0.0,1.0,0.0,0.0
118,274,0.0,0.0,1.0,0.0
119,4,1.0,0.0,0.0,0.0
119,7,1.0,0.0,0.0,0.0
119,68,1.0,0.0,0.0,0.0
119,92,0.0,0.0,0.0,1.0
119,105,0.0,0.0,0.0,1.0
119,116,1.0,0.0,0.0,0.0
119,120,1.0,0.0,0.0,0.0
119,121,0.0,0.0,1.0,0.0
119,147,1.0,0.0,0.0,0.0
119,181,0.0,0.0,0.0,1.0
119,241,0.0,0.0,0.0,1.0
119,253,0.0,1.0,0.0,1.0
119,256,0.0,0.0,0.0,1.0
119,260,0.0,0.0,0.0,1.0
119,271,0.0,1.0,0.0,0.0
119,286,0.0,0.0,0.0,1.0
120,11,1.0,0.0,0.0,0.0
120,24,0.0,0.0,1.0,0.0
120,65,1.0,0.0,0.0,0.0
120,68,0.0,0.0,1.0,0.0
120,80,1.0,0.0,0.0,0.0
120,128,0.0,0.0,1.0,0.0
120,135,0.0,0.0,1.0,0.0
120,171,0.0,0.0,0.0,1.0
120,177,0.0,1.0,0.0,0.0
120,212,0.0,1.0,0.0,0.0
120,225,0.0,1.0,0.0,0.0
120,243,0.0,1.0,0.0,0.0
120,246,0.0,1.0,0.0,0.0
120,258,0.0,1.0,0.0,0.0
120,298,0.0,1.0,0.0,0.0
121,13,0.0,0.0,0.0,1.0
121,45,0.0,0.0,1.0,0.0
121,73,1.0,0.0,0.0,0.0
121,97,0.0,0.0,0.0,1.0
121,98,1.0,0.0,0.0,0.0
121,119,0.0,0.0,1.0,0.0
121,131,1.0,0.0,0.0,0.0
121,145,1.0,0.0,0.0,0.0
121,146,1.0,0.0,0.0,0.0
121,150,0.0,0.0,0.0,1.0
121,160,0.0,0.0,0.0,1.0
121,185,0.0,1.0,0.0,0.0
121,214,0.0,1.0,0.0,0.0
121,218,0.0,0.0,0.0,1.0
121,234,0.0,0.0,0.0,1.0
121,237,0.0,0.0,0.0,1.0
121,251,0.0,1.0,0.0,0.0
122,46,0.0,0.0,0.0,1.0
122,65,0.0,0.0,1.0,0.0
122,95,0.0,0.0,1.0,0.0
122,98,1.0,0.0,0.0,0.0
122,113,0.0,0.0,1.0,0.0
122,117,1.0,0.0,0.0,0.0
122,118,1.0,0.0,0.0,0.0
122,140,1.0,0.0,0.0,0.0
122,149,1.0,0.0,0.0,0.0
122,184,0.0,0.0,0.0,1.0
122,187,0.0,1.0,0.0,0.0
122,188,0.0,0.0,0.0,1.0
122,214,0.0,1.0,0.0,0.0
122,215,0.0,0.0,0.0,1.0
122,259,0.0,0.0,0.0,1.0
122,274,0.0,1.0,0.0,0.0
122,288,1.0,0.0,0.0,0.0
122,292,0.0,0.0,0.0,1.0
122,296,0.0,0.0,0.0,1.0
123,18,1.0,0.0,0.0,0.0
123,38,0.0,0.0,1.0,0.0
123,72,0.0,0.0,1.0,0.0
123,77,1.0,0.0,0.0,0.0
123,107,1.0,0.0,0.0,0.0
123,110,0.0,0.0,1.0,0.0
123,112,0.0,0.0,1.0,0.0
123,128,0.0,0.0,1.0,0.0
123,171,0.0,0.0,0.0,1.0
123,181,0.0,0.0,0.0,1.0
123,204,0.0,0.0,0.0,1.0
123,207,0.0,1.0,0.0,0.0
123,213,0.0,1.0,0.0,0.0
123,224,0.0,0.0,0.0,1.0
123,272,0.0,1.0,0.0,0.0
124,48,0.0,0.0,1.0,0.0
124,54,1.0,0.0,0.0,0.0
124,57,1.0,0.0,0.0,0.0
124,64,0.0,0.0,1.0,0.0
124,81,1.0,0.0,1.0,0.0
124,106,0.0,0.0,1.0,0.0
124,127,1.0,0.0,0.0,0.0
124,152,0.0,1.0,0.0,0.0
124,155,0.0,1.0,0.0,0.0
124,160,0.0,1.0,0.0,0.0
124,172,0.0,0.0,0.0,1.0
124,176,0.0,1.0,0.0,0.0
124,188,0.0,0.0,0.0,1.0
124,196,0.0,0.0,0.0,1.0
124,218,0.0,1.0,0.0,0.0
124,254,0.0,0.0,0.0,1.0
124,273,0.0,0.0,0.0,1.0
125,48,1.0,0.0,0.0,0.0
125,58,0.0,0.0,1.0,0.0
125,61,0.0,0.0,1.0,0.0
125,74,1.0,0.0,0.0,0.0
125,80,0.0,0.0,1.0,0.0
125,98,0.0,0.0,1.0,0.0
125,103,0.0,0.0,1.0,0.0
125,107,0.0,1.0,0.0,0.0
125,113,0.0,0.0,1.0,0.0
125,144,0.0,0.0,1.0,0.0
125,174,0.0,0.0,0.0,1.0
125,178,0.0,1.0,0.0,0.0
125,179,0.0,0.0,1.0,0.0
125,181,0.0,0.0,0.0,1.0
125,233,0.0,0.0,0.0,1.0
125,248,0.0,0.0,0.0,1.0
125,256,0.0,0.0,0.0,1.0
125,270,0.0,0.0,0.0,1.0
126,35,0.0,0.0,1.0,0.0
126,47,1.0,0.0,0.0,0.0
126,60,1.0,0.0,0.0,0.0
126,65,1.0,0.0,0.0,0.0
126,135,0.0,0.0,1.0,0.0
126,150,0.0,1.0,0.0,0.0
126,155,0.0,1.0,0.0,0.0
126,170,0.0,0.0,0.0,1.0
126,177,0.0,1.0,0.0,0.0
126,189,0.0,1.0,0.0,0.0
126,250,0.0,0.0,0.0,1.0
126,273,0.0,0.0,0.0,1.0
126,284,0.0,1.0,0.0,0.0
126,291,0.0,0.0,0.0,1.0
126,299,0.0,0.0,1.0,0.0
127,71,0.0,1.0,0.0,0.0
127,126,1.0,0.0,1.0,0.0
127,134,1.0,0.0,0.0,0.0
127,186,0.0,0.0,0.0,1.0
127,187,0.0,0.0,0.0,1.0
127,197,0.0,0.0,0.0,1.0
127,261,0.0,1.0,0.0,0.0
127,281,1.0,0.0,0.0,0.0
127,293,0.0,1.0,0.0,0.0
127,297,0.0,0.0,0.0,1.0
128,17,0.0,0.0,1.0,0.0
128,29,1.0,0.0,0.0,0.0
128,78,0.0,0.0,1.0,0.0
128,93,0.0,0.0,1.0,0.0
128,97,0.0,0.0,1.0,0.0
128,106,0.0,0.0,1.0,0.0
128,143,0.0,0.0,1.0,0.0
128,146,0.0,0.0,1.0,0.0
128,166,0.0,0.0,1.0,0.0
128,180,0.0,0.0,0.0,1.0
128,194,0.0,0.0,0.0,1.0
128,199,0.0,0.0,0.0,1.0
128,224,0.0,1.0,0.0,0.0
128,228,0.0,1.0,0.0,0.0
128,235,0.0,1.0,0.0,0.0
128,271,0.0,1.0,0.0,0.0
128,277,0.0,0.0,0.0,1.0
128,288,0.0,0.0,0.0,1.0
129,56,1.0,0.0,0.0,0.0
129,62,0.0,0.0,1.0,0.0
129,65,1.0,0.0,0.0,0.0
129,89,0.0,0.0,1.0,0.0
129,93,0.0,0.0,1.0,0.0
129,125,1.0,0.0,0.0,0.0
129,143,0.0,0.0,1.0,0.0
129,162,0.0,0.0,0.0,1.0
129,170,0.0,0.0,0.0,1.0
129,185,0.0,1.0,0.0,0.0
129,204,0.0,1.0,0.0,0.0
129,206,0.0,0.0,0.0,1.0
129,223,0.0,0.0,0.0,1.0
129,240,0.0,1.0,0.0,0.0
129,246,1.0,0.0,0.0,0.0
129,261,1.0,0.0,0.0,0.0
129,263,0.0,1.0,0.0,0.0
129,271,0.0,1.0,0.0,0.0
129,274,0.0,0.0,0.0,1.0
129,276,0.0,0.0,0.0,1.0
129,287,0.0,1.0,0.0,0.0
130,20,1.0,0.0,1.0,0.0
130,24,1.0,0.0,0.0,0.0
130,26,1.0,0.0,0.0,0.0
130,68,0.0,0.0,1.0,0.0
130,93,0.0,0.0,0.0,1.0
130,109,1.0,0.0,0.0,0.0
130,111,1.0,0.0,0.0,0.0
130,114,0.0,0.0,1.0,0.0
130,131,1.0,0.0,0.0,0.0
130,181,0.0,1.0,0.0,0.0
130,202,0.0,0.0,0.0,1.0
130,246,0.0,1.0,0.0,0.0
130,259,0.0,0.0,0.0,1.0
130,276,0.0,0.0,0.0,1.0
130,285,0.0,1.0,0.0,0.0
131,13,0.0,0.0,1.0,0.0
131,24,0.0,0.0,1.0,0.0
131,37,0.0,0.0,1.0,0.0
131,55,1.0,0.0,0.0,0.0
131,82,0.0,0.0,1.0,0.0
131,108,0.0,0.0,1.0,0.0
131,121,0.0,0.0,1.0,0.0
131,133,0.0,0.0,1.0,0.0
131,143,0.0,0.0,1.0,0.0
131,155,0.0,0.0,0.0,1.0
131,158,0.0,0.0,0.0,1.0
131,201,0.0,0.0,0.0,1.0
131,218,0.0,1.0,0.0,0.0
131,229,0.0,1.0,0.0,0.0
131,233,0.0,1.0,0.0,0.0
131,272,0.0,0.0,0.0,1.0
131,290,1.0,0.0,0.0,0.0
132,18,1.0,0.0,0.0,0.0
132,50,1.0,0.0,0.0,0.0
132,54,0.0,0.0,1.0,0.0
132,61,0.0,0.0,1.0,0.0
132,77,1.0,0.0,0.0,0.0
132,112,0.0,0.0,1.0,0.0
132,125,0.0,0.0,1.0,0.0
132,134,0.0,0.0,1.0,0.0
132,135,1.0,0.0,0.0,0.0
132,144,1.0,0.0,0.0,0.0
132,177,0.0,1.0,0.0,0.0
132,178,0.0,0.0,0.0,1.0
132,183,0.0,0.0,0.0,1.0
132,196,0.0,0.0,0.0,1.0
132,198,1.0,0.0,0.0,0.0
132,217,0.0,0.0,0.0,1.0
132,234,0.0,1.0,0.0,0.0
132,236,0.0,0.0,0.0,1.0
132,257,0.0,0.0,0.0,1.0
132,271,0.0,1.0,0.0,0.0
132,272,0.0,1.0,0.0,0.0
132,290,0.0,1.0,0.0,0.0
133,2,1.0,0.0,0.0,0.0
133,40,0.0,0.0,1.0,0.0
133,46,1.0,0.0,0.0,0.0
133,55,1.0,0.0,0.0,0.0
133,64,1.0,0.0,0.0,0.0
133,67,0.0,0.0,1.0,0.0
133,107,1.0,0.0,0.0,0.0
133,138,1.0,0.0,0.0,0.0
133,151,0.0,1.0,0.0,0.0
133,152,0.0,0.0,0.0,1.0
133,159,0.0,1.0,0.0,0.0
133,160,0.0,1.0,0.0,0.0
133,162,0.0,0.0,0.0,1.0
133,182,1.0,0.0,0.0,0.0
133,188,0.0,1.0,0.0,0.0
133,199,0.0,0.0,0.0,1.0
133,221,0.0,1.0,0.0,0.0
133,228,0.0,1.0,0.0,0.0
133,234,0.0,0.0,0.0,1.0
133,251,0.0,1.0,0.0,0.0
133,271,0.0,0.0,0.0,1.0
133,287,0.0,0.0,0.0,1.0
134,10,1.0,0.0,0.0,0.0
134,24,0.0,0.0,1.0,0.0
134,76,1.0,0.0,0.0,0.0
134,85,1.0,0.0,0.0,0.0
134,98,1.0,0.0,0.0,0.0
134,103,0.0,0.0,1.0,0.0
134,111,0.0,0.0,1.0,0.0
134,145,0.0,0.0,1.0,0.0
134,171,0.0,0.0,0.0,1.0
134,202,0.0,0.0,0.0,1.0
134,209,0.0,0.0,0.0,1.0
134,259,0.0,1.0,0.0,0.0
134,278,0.0,0.0,0.0,1.0
135,45,0.0,0.0,1.0,0.0
135,69,0.0,0.0,1.0,0.0
135,70,0.0,0.0,1.0,0.0
135,78,1.0,0.0,0.0,0.0
135,85,1.0,0.0,0.0,0.0
135,88,1.0,0.0,0.0,0.0
135,92,0.0,0.0,1.0,0.0
135,93,1.0,0.0,0.0,0.0
135,140,0.0,0.0,1.0,0.0
135,146,0.0,1.0,1.0,0.0
135,151,1.0,0.0,0.0,0.0
135,167,0.0,0.0,0.0,1.0
135,185,0.0,1.0,0.0,0.0
135,192,0.0,1.0,0.0,0.0
135,198,0.0,1.0,0.0,0.0
135,205,0.0,0.0,0.0,1.0
135,217,0.0,0.0,0.0,1.0
135,219,1.0,0.0,0.0,0.0
135,250,0.0,0.0,0.0,1.0
136,5,0.0,0.0,1.0,0.0
136,32,0.0,0.0,1.0,0.0
136,97,0.0,0.0,1.0,0.0
136,116,0.0,0.0,1.0,0.0
136,131,1.0,0.0,0.0,0.0
136,138,1.0,0.0,0.0,0.0
136,154,0.0,0.0,1.0,0.0
136,168,0.0,0.0,0.0,1.0
136,170,0.0,0.0,0.0,1.0
136,182,0.0,1.0,0.0,0.0
136,184,0.0,0.0,0.0,1.0
136,193,0.0,0.0,0.0,1.0
136,202,0.0,1.0,0.0,0.0
136,206,0.0,0.0,0.0,1.0
136,209,0.0,1.0,0.0,0.0
137,16,1.0,0.0,0.0,0.0
137,38,1.0,0.0,0.0,0.0
137,47,0.0,0.0,1.0,0.0
137,49,1.0,0.0,0.0,0.0
137,61,1.0,0.0,0.0,0.0
137,63,0.0,0.0,1.0,0.0
137,83,0.0,0.0,0.0,1.0
137,86,0.0,0.0,1.0,0.0
137,105,1.0,0.0,0.0,0.0
137,185,0.0,0.0,0.0,1.0
137,204,0.0,1.0,0.0,0.0
137,219,0.0,1.0,0.0,0.0
137,236,0.0,0.0,0.0,1.0
137,241,0.0,0.0,0.0,1.0
137,277,0.0,0.0,1.0,0.0
138,9,0.0,0.0,1.0,0.0
138,24,0.0,0.0,1.0,0.0
138,28,0.0,0.0,1.0,0.0
138,31,0.0,0.0,1.0,0.0
138,36,0.0,0.0,1.0,0.0
138,57,0.0,0.0,0.0,1.0
138,68,0.0,0.0,0.0,1.0
138,88,0.0,0.0,0.0,1.0
138,89,1.0,0.0,0.0,0.0
138,101,0.0,0.0,1.0,0.0
138,133,0.0,0.0,1.0,0.0
138,151,0.0,0.0,0.0,1.0
138,160,0.0,0.0,0.0,1.0
138,163,0.0,0.0,0.0,1.0
138,175,0.0,0.0,0.0,1.0
138,189,0.0,1.0,0.0,0.0
138,225,0.0,0.0,0.0,1.0
138,248,0.0,1.0,0.0,0.0
138,261,0.0,0.0,1.0,0.0
138,287,0.0,0.0,0.0,1.0
138,290,0.0,1.0,0.0,0.0
139,13,0.0,0.0,1.0,0.0
139,37,1.0,0.0,0.0,0.0
139,62,0.0,0.0,0.0,1.0
139,90,1.0,0.0,0.0,0.0
139,92,0.0,0.0,0.0,1.0
139,151,0.0,0.0,0.0,1.0
139,152,0.0,0.0,0.0,1.0
139,161,0.0,0.0,0.0,1.0
139,183,0.0,0.0,0.0,1.0
139,184,0.0,0.0,0.0,1.0
139,200,0.0,1.0,0.0,0.0
139,208,1.0,0.0,0.0,0.0
139,249,0.0,0.0,0.0,1.0
139,266,0.0,0.0,1.0,0.0
139,270,0.0,0.0,1.0,0.0
139,290,0.0,1.0,0.0,0.0
139,295,0.0,1.0,0.0,1.0
140,19,1.0,0.0,0.0,0.0
140,35,0.0,0.0,1.0,0.0
140,67,0.0,1.0,0.0,0.0
140,98,0.0,1.0,0.0,0.0
140,104,0.0,0.0,1.0,0.0
140,171,0.0,0.0,0.0,1.0
140,175,0.0,0.0,0.0,1.0
140,191,0.0,1.0,0.0,0.0
140,199,0.0,0.0,0.0,1.0
140,216,0.0,0.0,0.0,1.0
140,222,0.0,1.0,0.0,0.0
140,246,1.0,0.0,0.0,0.0
140,249,0.0,1.0,0.0,0.0
140,251,0.0,0.0,0.0,1.0
140,264,0.0,1.0,0.0,0.0
140,284,0.0,1.0,0.0,0.0
141,2,0.0,0.0,1.0,0.0
141,9,1.0,0.0,0.0,0.0
141,23,0.0,0.0,1.0,0.0
141,31,0.0,0.0,1.0,0.0
141,81,1.0,0.0,0.0,0.0
141,106,0.0,0.0,1.0,0.0
141,108,1.0,0.0,0.0,0.0
141,119,0.0,0.0,1.0,0.0
141,156,0.0,0.0,0.0,1.0
141,167,0.0,0.0,1.0,0.0
141,191,0.0,1.0,0.0,0.0
141,245,0.0,0.0,0.0,1.0
141,291,1.0,0.0,0.0,1.0
141,292,0.0,0.0,0.0,1.0
142,17,0.0,0.0,1.0,0.0
142,34,1.0,0.0,0.0,0.0
142,48,1.0,0.0,0.0,0.0
142,57,0.0,0.0,1.0,0.0
142,69,0.0,0.0,1.0,0.0
142,90,1.0,0.0,0.0,0.0
142,110,1.0,0.0,0.0,0.0
142,132,0.0,0.0,1.0,0.0
142,146,0.0,0.0,1.0,0.0
142,147,0.0,0.0,0.0,1.0
142,166,0.0,0.0,0.0,1.0
142,169,0.0,1.0,0.0,0.0
142,185,0.0,0.0,0.0,1.0
142,250,0.0,1.0,0.0,0.0
142,284,0.0,0.0,0.0,1.0
143,14,0.0,0.0,1.0,0.0
143,21,0.0,0.0,1.0,0.0
143,22,0.0,0.0,1.0,0.0
143,25,0.0,0.0,1.0,0.0
143,66,1.0,0.0,0.0,0.0
143,78,0.0,0.0,1.0,0.0
143,88,1.0,0.0,0.0,0.0
143,89,0.0,0.0,1.0,0.0
143,92,0.0,0.0,1.0,0.0
143,95,1.0,0.0,0.0,0.0
143,106,0.0,0.0,1.0,0.0
143,112,0.0,0.0,1.0,0.0
143,118,1.0,0.0,0.0,0.0
143,138,0.0,0.0,1.0,0.0
143,144,1.0,0.0,0.0,0.0
143,153,0.0,1.0,0.0,0.0
143,175,0.0,1.0,0.0,0.0
143,203,0.0,1.0,0.0,0.0
143,219,1.0,0.0,0.0,0.0
143,225,0.0,0.0,0.0,1.0
143,227,0.0,0.0,0.0,1.0
143,237,0.0,0.0,0.0,1.0
143,241,0.0,0.0,0.0,1.0
144,8,0.0,1.0,0.0,0.0
144,29,1.0,0.0,0.0,0.0
144,56,1.0,0.0,0.0,0.0
144,76,0.0,0.0,1.0,0.0
144,95,1.0,0.0,0.0,0.0
144,101,0.0,0.0,1.0,0.0
144,114,0.0,0.0,1.0,0.0
144,121,1.0,0.0,0.0,0.0
144,203,0.0,0.0,0.0,1.0
144,209,0.0,0.0,0.0,1.0
144,242,0.0,1.0,0.0,0.0
144,244,0.0,1.0,0.0,0.0
144,271,0.0,0.0,0.0,1.0
144,286,0.0,0.0,0.0,1.0
144,288,0.0,1.0,0.0,0.0
145,13,1.0,0.0,0.0,0.0
145,23,1.0,0.0,0.0,0.0
145,29,1.0,0.0,0.0,0.0
145,45,0.0,0.0,1.0,0.0
145,68,1.0,0.0,0.0,0.0
145,88,0.0,0.0,1.0,0.0
145,107,1.0,0.0,0.0,0.0
145,155,0.0,1.0,0.0,0.0
145,179,0.0,1.0,0.0,0.0
145,196,0.0,0.0,1.0,0.0
145,199,0.0,0.0,0.0,1.0
145,204,0.0,1.0,0.0,0.0
145,226,0.0,1.0,0.0,0.0
145,234,0.0,1.0,0.0,0.0
145,285,0.0,1.0,0.0,0.0
146,5,0.0,0.0,0.0,1.0
146,21,0.0,0.0,1.0,0.0
146,40,1.0,0.0,0.0,0.0
146,41,0.0,0.0,1.0,0.0
146,44,0.0,0.0,0.0,1.0
146,59,1.0,0.0,0.0,0.0
146,62,0.0,0.0,1.0,0.0
146,121,1.0,0.0,0.0,0.0
146,127,1.0,0.0,0.0,0.0
146,154,0.0,0.0,0.0,1.0
146,160,0.0,1.0,0.0,1.0
146,162,0.0,0.0,0.0,1.0
146,171,0.0,1.0,0.0,1.0
146,187,0.0,0.0,0.0,1.0
146,201,1.0,0.0,0.0,0.0
146,240,0.0,1.0,0.0,0.0
146,257,0.0,0.0,0.0,1.0
146,271,0.0,1.0,0.0,0.0
147,8,1.0,0.0,0.0,0.0
147,18,1.0,0.0,0.0,0.0
147,25,1.0,0.0,0.0,0.0
147,41,0.0,0.0,1.0,0.0
147,57,1.0,0.0,0.0,0.0
147,60,0.0,0.0,1.0,0.0
147,100,1.0,0.0,0.0,0.0
147,121,0.0,0.0,1.0,0.0
147,125,1.0,0.0,0.0,0.0
147,136,1.0,0.0,0.0,0.0
147,137,1.0,0.0,0.0,0.0
147,148,0.0,0.0,1.0,0.0
147,189,0.0,1.0,0.0,1.0
147,226,0.0,1.0,0.0,0.0
147,236,1.0,0.0,0.0,0.0
147,257,0.0,1.0,0.0,0.0
147,263,0.0,1.0,0.0,0.0
147,281,0.0,1.0,0.0,0.0
148,1,1.0,0.0,0.0,0.0
148,14,0.0,0.0,1.0,0.0
148,53,0.0,0.0,1.0,0.0
148,57,1.0,0.0,0.0,0.0
148,62,0.0,0.0,1.0,0.0
148,75,0.0,0.0,1.0,0.0
148,119,1.0,0.0,0.0,0.0
148,147,0.0,0.0,1.0,0.0
148,149,0.0,0.0,0.0,1.0
148,169,0.0,0.0,0.0,1.0
148,184,0.0,1.0,0.0,0.0
148,200,0.0,1.0,0.0,0.0
148,211,0.0,1.0,0.0,0.0
148,215,0.0,1.0,0.0,0.0
148,227,0.0,1.0,0.0,0.0
148,236,0.0,1.0,0.0,0.0
148,277,0.0,1.0,0.0,0.0
148,285,0.0,1.0,0.0,0.0
149,18,1.0,0.0,1.0,0.0
149,19,0.0,0.0,1.0,0.0
149,41,0.0,0.0,1.0,0.0
149,72,0.0,0.0,1.0,0.0
149,107,0.0,0.0,1.0,0.0
149,115,1.0,0.0,0.0,0.0
149,130,0.0,0.0,0.0,1.0
149,204,0.0,1.0,0.0,0.0
149,214,0.0,0.0,0.0,1.0
149,215,1.0,0.0,0.0,0.0
149,218,0.0,1.0,0.0,0.0
149,228,0.0,1.0,0.0,0.0
149,240,0.0,1.0,0.0,0.0
149,244,0.0,1.0,0.0,0.0
149,252,0.0,1.0,0.0,0.0
149,276,0.0,0.0,0.0,1.0
150,5,0.0,1.0,0.0,0.0
150,8,0.0,1.0,0.0,0.0
150,42,0.0,0.0,1.0,0.0
150,155,0.0,0.0,0.0,1.0
150,162,1.0,0.0,0.0,0.0
150,181,1.0,0.0,0.0,0.0
150,198,1.0,0.0,0.0,0.0
150,246,0.0,1.0,0.0,0.0
150,250,1.0,0.0,0.0,0.0
150,281,1.0,0.0,0.0,0.0
150,289,1.0,0.0,0.0,0.0
151,37,0.0,0.0,1.0,0.0
151,93,0.0,1.0,0.0,0.0
151,161,0.0,1.0,0.0,0.0
151,186,1.0,0.0,0.0,0.0
151,191,1.0,0.0,0.0,0.0
151,194,0.0,1.0,0.0,0.0
151,231,1.0,0.0,0.0,0.0
151,240,1.0,0.0,0.0,0.0
151,247,1.0,0.0,0.0,0.0
151,266,1.0,0.0,0.0,0.0
152,61,1.0,0.0,0.0,0.0
152,62,0.0,1.0,0.0,0.0
152,93,0.0,1.0,0.0,0.0
152,104,0.0,1.0,0.0,0.0
152,107,0.0,1.0,0.0,0.0
152,110,0.0,1.0,0.0,0.0
152,242,1.0,0.0,0.0,0.0
152,271,1.0,0.0,0.0,0.0
152,272,1.0,0.0,0.0,0.0
153,12,0.0,1.0,0.0,0.0
153,27,0.0,1.0,0.0,0.0
153,31,0.0,1.0,0.0,0.0
153,69,0.0,1.0,0.0,0.0
153,76,0.0,1.0,0.0,0.0
153,82,0.0,1.0,0.0,0.0
153,122,0.0,1.0,0.0,0.0
153,173,0.0,0.0,0.0,1.0
153,192,1.0,0.0,0.0,0.0
153,220,1.0,0.0,0.0,0.0
153,224,1.0,0.0,0.0,0.0
153,234,1.0,0.0,0.0,0.0
153,264,0.0,0.0,0.0,1.0
153,286,1.0,0.0,0.0,0.0
154,27,0.0,1.0,0.0,0.0
154,34,0.0,1.0,0.0,0.0
154,48,0.0,0.0,1.0,0.0
154,71,0.0,0.0,1.0,0.0
154,73,0.0,1.0,0.0,0.0
154,82,0.0,1.0,0.0,0.0
154,83,0.0,1.0,0.0,0.0
154,105,0.0,1.0,0.0,0.0
154,202,1.0,0.0,0.0,0.0
154,205,1.0,0.0,0.0,0.0
154,240,1.0,0.0,0.0,0.0
154,267,0.0,0.0,0.0,1.0
155,69,0.0,1.0,0.0,0.0
155,141,0.0,1.0,0.0,0.0
155,144,0.0,0.0,1.0,0.0
155,243,1.0,0.0,0.0,0.0
155,248,1.0,0.0,0.0,0.0
155,272,1.0,0.0,0.0,0.0
156,109,0.0,0.0,1.0,0.0
156,121,0.0,1.0,0.0,0.0
156,125,0.0,1.0,0.0,0.0
156,127,0.0,1.0,0.0,0.0
156,192,1.0,0.0,0.0,0.0
156,224,1.0,0.0,0.0,0.0
156,274,1.0,0.0,0.0,0.0
156,281,1.0,0.0,0.0,0.0
157,12,1.0,0.0,0.0,0.0
157,64,0.0,1.0,0.0,0.0
157,99,1.0,0.0,0.0,0.0
157,163,1.0,0.0,0.0,0.0
157,171,1.0,0.0,0.0,0.0
157,207,1.0,0.0,0.0,0.0
157,223,1.0,0.0,0.0,0.0
157,244,1.0,0.0,0.0,0.0
157,245,0.0,0.0,1.0,0.0
157,279,1.0,0.0,0.0,0.0
157,288,1.0,0.0,0.0,0.0
158,3,0.0,0.0,1.0,0.0
158,16,1.0,0.0,0.0,0.0
158,25,0.0,1.0,0.0,0.0
158,41,0.0,1.0,0.0,0.0
158,74,0.0,1.0,0.0,0.0
158,98,0.0,1.0,0.0,0.0
158,119,0.0,1.0,0.0,0.0
158,143,0.0,1.0,0.0,0.0
158,179,1.0,0.0,0.0,0.0
158,209,1.0,0.0,0.0,0.0
158,231,0.0,0.0,0.0,1.0
159,54,0.0,1.0,0.0,0.0
159,101,0.0,0.0,1.0,0.0
159,130,1.0,0.0,0.0,0.0
159,153,1.0,0.0,0.0,0.0
159,175,1.0,0.0,0.0,0.0
159,223,1.0,0.0,0.0,0.0
159,225,1.0,0.0,0.0,0.0
159,250,1.0,0.0,0.0,0.0
159,253,1.0,0.0,0.0,0.0
159,265,1.0,0.0,0.0,0.0
159,266,1.0,0.0,0.0,0.0
160,30,0.0,1.0,0.0,0.0
160,93,0.0,0.0,0.0,1.0
160,100,0.0,1.0,0.0,0.0
160,200,1.0,0.0,0.0,0.0
160,277,1.0,0.0,0.0,0.0
161,8,0.0,1.0,0.0,0.0
161,20,0.0,0.0,1.0,0.0
161,34,0.0,0.0,1.0,0.0
161,96,0.0,1.0,0.0,0.0
161,101,0.0,1.0,0.0,0.0
161,108,0.0,1.0,0.0,0.0
161,125,0.0,1.0,0.0,0.0
161,129,0.0,1.0,0.0,0.0
161,133,0.0,1.0,0.0,0.0
161,151,1.0,0.0,0.0,0.0
161,204,1.0,0.0,0.0,0.0
161,215,1.0,0.0,0.0,0.0
161,245,1.0,0.0,0.0,0.0
162,58,0.0,1.0,0.0,0.0
162,73,1.0,0.0,0.0,0.0
162,117,0.0,1.0,0.0,0.0
162,133,0.0,1.0,0.0,0.0
162,137,0.0,1.0,0.0,0.0
162,167,1.0,0.0,0.0,0.0
162,251,1.0,0.0,0.0,0.0
162,263,1.0,0.0,0.0,0.0
162,264,0.0,1.0,0.0,0.0
162,273,0.0,0.0,0.0,1.0
163,2,0.0,1.0,0.0,0.0
163,115,0.0,1.0,0.0,0.0
163,131,0.0,1.0,0.0,0.0
163,190,1.0,0.0,0.0,0.0
163,248,1.0,0.0,0.0,0.0
164,45,0.0,1.0,0.0,0.0
164,48,0.0,1.0,0.0,0.0
164,71,0.0,1.0,0.0,0.0
164,80,0.0,1.0,0.0,0.0
164,147,0.0,1.0,0.0,0.0
164,177,1.0,0.0,0.0,0.0
164,182,1.0,0.0,0.0,0.0
164,193,1.0,0.0,0.0,0.0
164,200,1.0,0.0,0.0,0.0
164,238,1.0,0.0,0.0,0.0
165,23,1.0,0.0,0.0,0.0
165,29,0.0,1.0,0.0,0.0
165,40,0.0,1.0,0.0,0.0
165,64,0.0,1.0,0.0,0.0
165,166,1.0,0.0,0.0,0.0
165,223,0.0,1.0,0.0,0.0
165,246,0.0,1.0,0.0,0.0
166,6,0.0,1.0,0.0,0.0
166,69,0.0,1.0,0.0,0.0
166,116,0.0,1.0,0.0,0.0
166,131,0.0,1.0,0.0,0.0
166,133,0.0,1.0,0.0,0.0
166,178,1.0,0.0,0.0,0.0
166,206,1.0,0.0,0.0,0.0
166,245,1.0,0.0,0.0,0.0
166,246,1.0,0.0,0.0,0.0
166,257,1.0,0.0,0.0,0.0
166,262,1.0,0.0,0.0,0.0
166,274,1.0,0.0,0.0,0.0
166,295,1.0,0.0,0.0,0.0
167,68,0.0,1.0,0.0,0.0
167,80,1.0,0.0,0.0,0.0
167,117,0.0,1.0,0.0,0.0
167,162,1.0,0.0,0.0,0.0
167,204,1.0,0.0,0.0,0.0
167,208,1.0,0.0,0.0,0.0
167,298,1.0,0.0,0.0,0.0
168,39,0.0,1.0,0.0,0.0
168,68,0.0,1.0,0.0,0.0
168,89,0.0,1.0,0.0,0.0
168,128,0.0,1.0,0.0,0.0
168,135,0.0,1.0,0.0,0.0
168,141,1.0,0.0,0.0,0.0
168,195,0.0,0.0,0.0,1.0
168,196,1.0,0.0,0.0,0.0
168,222,1.0,0.0,0.0,0.0
168,224,0.0,1.0,0.0,0.0
168,246,1.0,0.0,0.0,0.0
168,254,1.0,0.0,0.0,0.0
168,268,1.0,0.0,0.0,0.0
168,270,0.0,0.0,0.0,1.0
168,291,1.0,0.0,0.0,0.0
169,51,0.0,1.0,0.0,0.0
169,86,1.0,0.0,0.0,0.0
169,100,0.0,1.0,0.0,0.0
169,107,0.0,1.0,0.0,0.0
169,124,0.0,1.0,0.0,0.0
169,163,1.0,0.0,0.0,0.0
169,181,1.0,0.0,0.0,0.0
169,196,1.0,0.0,0.0,0.0
169,255,1.0,0.0,0.0,0.0
169,266,1.0,0.0,0.0,0.0
169,269,1.0,0.0,0.0,0.0
169,290,1.0,0.0,0.0,0.0
170,24,1.0,0.0,0.0,0.0
170,40,0.0,0.0,1.0,0.0
170,48,0.0,1.0,0.0,0.0
170,53,0.0,1.0,0.0,0.0
170,98,0.0,0.0,1.0,0.0
170,99,0.0,1.0,0.0,0.0
170,106,0.0,0.0,1.0,0.0
170,161,1.0,0.0,0.0,0.0
170,171,1.0,0.0,0.0,0.0
170,185,1.0,0.0,0.0,0.0
170,206,1.0,0.0,0.0,0.0
170,229,1.0,0.0,0.0,0.0
170,241,1.0,0.0,0.0,0.0
170,252,0.0,0.0,0.0,1.0
170,287,1.0,0.0,0.0,0.0
171,222,1.0,0.0,0.0,0.0
171,224,1.0,0.0,0.0,0.0
172,17,1.0,0.0,0.0,0.0
172,22,0.0,1.0,0.0,0.0
172,50,0.0,1.0,0.0,0.0
172,52,0.0,1.0,0.0,0.0
172,63,0.0,1.0,0.0,0.0
172,95,0.0,1.0,0.0,0.0
172,97,1.0,1.0,0.0,0.0
172,148,0.0,1.0,0.0,0.0
172,174,0.0,1.0,0.0,0.0
172,226,1.0,0.0,0.0,0.0
172,260,1.0,0.0,0.0,0.0
173,9,0.0,1.0,0.0,0.0
173,20,0.0,1.0,0.0,0.0
173,43,1.0,0.0,0.0,0.0
173,49,0.0,1.0,0.0,0.0
173,121,1.0,0.0,0.0,0.0
173,123,0.0,1.0,0.0,0.0
173,139,0.0,1.0,0.0,0.0
173,172,1.0,0.0,0.0,0.0
173,197,1.0,0.0,0.0,0.0
173,208,0.0,0.0,0.0,1.0
173,276,1.0,0.0,0.0,0.0
173,292,0.0,0.0,1.0,0.0
174,5,0.0,1.0,0.0,0.0
174,6,0.0,1.0,0.0,0.0
174,27,0.0,1.0,0.0,0.0
174,65,0.0,1.0,0.0,0.0
174,80,0.0,1.0,0.0,0.0
174,83,1.0,0.0,0.0,0.0
174,147,0.0,1.0,0.0,0.0
174,245,1.0,0.0,0.0,0.0
174,281,1.0,0.0,0.0,0.0
175,9,0.0,1.0,0.0,0.0
175,29,0.0,1.0,0.0,0.0
175,38,0.0,1.0,0.0,0.0
175,72,0.0,1.0,0.0,0.0
175,112,0.0,0.0,1.0,0.0
175,132,0.0,1.0,0.0,0.0
175,150,1.0,0.0,0.0,0.0
175,154,0.0,0.0,0.0,1.0
175,160,1.0,0.0,0.0,0.0
175,209,1.0,0.0,0.0,0.0
175,260,1.0,0.0,0.0,0.0
176,9,0.0,1.0,0.0,0.0
176,20,0.0,0.0,0.0,1.0
176,21,1.0,0.0,0.0,0.0
176,25,0.0,1.0,0.0,0.0
176,120,0.0,1.0,0.0,0.0
176,134,0.0,1.0,0.0,0.0
176,143,0.0,1.0,0.0,0.0
176,162,1.0,0.0,0.0,0.0
176,182,0.0,0.0,0.0,1.0
176,210,0.0,1.0,0.0,0.0
177,21,0.0,1.0,0.0,0.0
177,30,0.0,1.0,0.0,0.0
177,45,0.0,1.0,0.0,0.0
177,132,0.0,1.0,0.0,0.0
177,134,0.0,1.0,0.0,0.0
177,144,0.0,1.0,0.0,0.0
177,156,0.0,0.0,0.0,1.0
177,171,1.0,0.0,0.0,0.0
177,194,1.0,0.0,0.0,0.0
177,270,1.0,0.0,0.0,0.0
178,36,0.0,1.0,0.0,0.0
178,108,0.0,1.0,0.0,0.0
178,114,0.0,1.0,0.0,0.0
178,133,1.0,0.0,0.0,0.0
178,162,1.0,0.0,0.0,0.0
178,190,0.0,1.0,0.0,0.0
178,210,1.0,0.0,0.0,0.0
178,265,0.0,1.0,0.0,0.0
178,298,1.0,0.0,0.0,0.0
179,3,0.0,1.0,0.0,0.0
179,23,0.0,1.0,0.0,0.0
179,25,0.0,1.0,0.0,0.0
179,27,0.0,1.0,0.0,0.0
179,73,1.0,0.0,0.0,0.0
179,79,0.0,0.0,1.0,0.0
179,81,0.0,1.0,0.0,0.0
179,111,0.0,1.0,0.0,0.0
179,167,1.0,0.0,0.0,0.0
179,178,1.0,0.0,0.0,0.0
179,204,1.0,0.0,0.0,0.0
179,232,1.0,0.0,0.0,0.0
179,255,1.0,0.0,0.0,0.0
179,264,1.0,0.0,0.0,0.0
179,268,0.0,0.0,0.0,1.0
180,15,0.0,1.0,0.0,0.0
180,18,0.0,1.0,0.0,0.0
180,23,0.0,1.0,0.0,0.0
180,33,0.0,1.0,0.0,0.0
180,59,1.0,0.0,0.0,0.0
180,169,1.0,0.0,0.0,0.0
180,173,1.0,0.0,0.0,0.0
180,202,1.0,0.0,0.0,0.0
180,207,1.0,0.0,0.0,0.0
180,231,1.0,0.0,0.0,0.0
180,287,1.0,0.0,0.0,0.0
181,13,0.0,1.0,0.0,0.0
181,64,0.0,1.0,0.0,0.0
181,86,1.0,0.0,0.0,0.0
181,104,0.0,1.0,0.0,0.0
181,195,1.0,0.0,0.0,0.0
181,212,1.0,0.0,0.0,0.0
181,295,1.0,0.0,0.0,0.0
181,297,1.0,0.0,0.0,0.0
182,39,0.0,0.0,1.0,0.0
182,55,0.0,1.0,0.0,0.0
182,69,0.0,1.0,0.0,0.0
182,102,0.0,1.0,0.0,0.0
182,104,0.0,1.0,0.0,0.0
182,111,1.0,0.0,0.0,0.0
182,113,0.0,1.0,0.0,0.0
182,118,0.0,1.0,0.0,0.0
182,202,1.0,0.0,0.0,0.0
182,259,1.0,0.0,0.0,0.0
182,264,1.0,0.0,0.0,0.0
183,3,0.0,1.0,0.0,0.0
183,51,0.0,0.0,1.0,0.0
183,52,0.0,1.0,0.0,0.0
183,56,0.0,0.0,0.0,1.0
183,69,0.0,1.0,1.0,0.0
183,172,1.0,0.0,0.0,0.0
183,173,1.0,0.0,0.0,0.0
183,180,1.0,0.0,0.0,0.0
183,217,1.0,0.0,0.0,0.0
183,243,1.0,0.0,0.0,0.0
183,246,1.0,0.0,0.0,0.0
184,60,0.0,0.0,0.0,1.0
184,233,1.0,0.0,0.0,0.0
185,81,0.0,1.0,0.0,0.0
185,107,0.0,1.0,0.0,0.0
185,108,0.0,1.0,0.0,0.0
185,129,0.0,0.0,0.0,1.0
185,141,0.0,1.0,0.0,0.0
185,178,1.0,0.0,0.0,0.0
185,196,0.0,1.0,0.0,0.0
185,225,1.0,0.0,0.0,0.0
185,252,1.0,0.0,0.0,0.0
186,54,0.0,1.0,0.0,0.0
186,82,0.0,1.0,0.0,0.0
186,247,1.0,0.0,0.0,0.0
186,261,1.0,0.0,0.0,0.0
186,284,1.0,0.0,0.0,0.0
187,32,0.0,1.0,0.0,0.0
187,56,0.0,1.0,0.0,0.0
187,62,0.0,1.0,0.0,0.0
187,83,0.0,1.0,0.0,0.0
187,88,1.0,0.0,0.0,0.0
187,137,0.0,1.0,0.0,0.0
187,139,0.0,1.0,0.0,0.0
188,10,0.0,1.0,0.0,0.0
188,52,0.0,0.0,0.0,1.0
188,60,0.0,1.0,0.0,0.0
188,66,0.0,1.0,0.0,0.0
188,83,0.0,1.0,0.0,0.0
188,97,0.0,1.0,0.0,0.0
188,130,0.0,1.0,0.0,0.0
188,132,0.0,1.0,0.0,0.0
188,135,0.0,1.0,0.0,0.0
188,139,0.0,1.0,0.0,0.0
188,194,1.0,0.0,0.0,0.0
188,222,1.0,0.0,0.0,0.0
188,254,0.0,1.0,0.0,0.0
188,268,1.0,0.0,0.0,0.0
188,274,1.0,0.0,0.0,0.0
188,285,0.0,1.0,0.0,0.0
189,9,0.0,0.0,1.0,0.0
189,36,0.0,1.0,0.0,0.0
189,55,0.0,1.0,0.0,0.0
189,62,0.0,1.0,0.0,0.0
189,176,1.0,0.0,0.0,0.0
189,179,0.0,1.0,0.0,0.0
189,181,1.0,0.0,0.0,0.0
189,201,1.0,0.0,0.0,0.0
189,257,0.0,0.0,0.0,1.0
189,282,1.0,0.0,0.0,0.0
189,289,1.0,0.0,0.0,0.0
190,12,0.0,0.0,0.0,1.0
190,17,0.0,1.0,0.0,0.0
190,20,0.0,1.0,0.0,0.0
190,35,0.0,1.0,0.0,0.0
190,137,0.0,1.0,0.0,0.0
190,213,1.0,0.0,0.0,0.0
190,287,1.0,0.0,0.0,0.0
191,3,0.0,1.0,0.0,0.0
191,22,0.0,1.0,0.0,0.0
191,57,0.0,1.0,0.0,0.0
191,62,0.0,1.0,0.0,0.0
191,120,0.0,0.0,1.0,0.0
191,139,0.0,1.0,0.0,0.0
191,171,1.0,0.0,0.0,0.0
191,183,1.0,0.0,0.0,0.0
191,261,1.0,0.0,0.0,0.0
191,296,1.0,0.0,0.0,0.0
192,87,0.0,0.0,1.0,0.0
192,151,1.0,0.0,0.0,0.0
192,260,1.0,0.0,0.0,0.0
193,50,0.0,1.0,0.0,0.0
193,109,0.0,1.0,0.0,0.0
193,184,1.0,0.0,0.0,0.0
193,197,1.0,0.0,0.0,0.0
193,254,0.0,1.0,0.0,0.0
193,285,1.0,0.0,0.0,0.0
193,289,1.0,0.0,0.0,0.0
194,41,0.0,1.0,0.0,0.0
194,63,0.0,0.0,1.0,0.0
194,73,0.0,1.0,0.0,0.0
194,94,0.0,1.0,0.0,0.0
194,131,0.0,1.0,0.0,0.0
194,132,0.0,1.0,0.0,0.0
194,202,1.0,0.0,0.0,0.0
194,251,1.0,0.0,0.0,0.0
194,262,1.0,0.0,0.0,0.0
194,270,1.0,1.0,0.0,0.0
194,272,0.0,0.0,0.0,1.0
195,26,0.0,1.0,0.0,0.0
195,36,0.0,1.0,0.0,0.0
195,54,1.0,0.0,0.0,0.0
195,122,0.0,1.0,0.0,0.0
195,173,1.0,0.0,0.0,0.0
195,192,1.0,0.0,0.0,0.0
195,207,1.0,0.0,0.0,0.0
195,226,0.0,0.0,0.0,1.0
195,266,1.0,0.0,0.0,0.0
195,287,1.0,0.0,0.0,0.0
196,56,0.0,1.0,0.0,0.0
196,97,0.0,1.0,0.0,0.0
196,111,0.0,1.0,0.0,0.0
196,118,0.0,1.0,0.0,0.0
196,190,1.0,0.0,0.0,0.0
196,297,1.0,0.0,0.0,0.0
197,13,0.0,1.0,0.0,0.0
197,55,0.0,1.0,0.0,0.0
197,247,1.0,0.0,0.0,0.0
197,287,1.0,0.0,0.0,0.0
197,297,1.0,0.0,0.0,0.0
198,19,0.0,1.0,0.0,0.0
198,59,1.0,0.0,0.0,0.0
198,74,0.0,1.0,0.0,0.0
198,83,0.0,1.0,0.0,0.0
198,119,0.0,1.0,0.0,0.0
198,170,1.0,0.0,0.0,0.0
198,255,1.0,0.0,0.0,0.0
198,288,1.0,0.0,0.0,0.0
198,296,1.0,0.0,0.0,0.0
199,25,0.0,1.0,0.0,0.0
199,40,0.0,1.0,0.0,0.0
199,55,0.0,1.0,0.0,0.0
199,59,0.0,1.0,0.0,0.0
199,64,0.0,1.0,0.0,0.0
199,92,0.0,1.0,0.0,0.0
199,102,0.0,1.0,0.0,0.0
199,112,0.0,1.0,0.0,0.0
199,126,0.0,1.0,0.0,0.0
199,227,0.0,1.0,0.0,0.0
199,243,1.0,0.0,0.0,0.0
200,77,0.0,0.0,1.0,0.0
200,98,0.0,1.0,0.0,0.0
200,99,0.0,1.0,0.0,0.0
200,121,0.0,1.0,0.0,0.0
200,134,0.0,1.0,0.0,0.0
200,181,1.0,0.0,0.0,0.0
200,237,1.0,0.0,0.0,0.0
200,272,1.0,0.0,0.0,0.0
200,276,1.0,0.0,0.0,0.0
201,36,0.0,1.0,0.0,0.0
201,40,0.0,1.0,0.0,0.0
201,49,0.0,1.0,0.0,0.0
201,72,0.0,1.0,0.0,0.0
201,82,0.0,0.0,1.0,0.0
201,84,0.0,1.0,0.0,0.0
201,130,0.0,1.0,0.0,0.0
201,177,0.0,1.0,0.0,0.0
201,211,1.0,0.0,0.0,0.0
201,214,1.0,0.0,0.0,0.0
201,247,0.0,0.0,1.0,0.0
201,280,1.0,0.0,0.0,0.0
202,70,0.0,1.0,0.0,0.0
202,182,1.0,0.0,0.0,0.0
202,228,1.0,0.0,0.0,0.0
202,275,1.0,0.0,0.0,0.0
202,294,1.0,0.0,0.0,0.0
203,50,0.0,1.0,0.0,0.0
203,57,0.0,1.0,1.0,0.0
203,110,0.0,1.0,0.0,0.0
203,112,0.0,1.0,0.0,0.0
203,141,0.0,1.0,0.0,0.0
203,195,1.0,0.0,0.0,0.0
203,202,1.0,0.0,0.0,0.0
203,267,0.0,0.0,0.0,1.0
204,9,0.0,1.0,0.0,0.0
204,42,0.0,1.0,0.0,0.0
204,62,0.0,1.0,0.0,0.0
204,116,0.0,0.0,1.0,0.0
204,127,0.0,1.0,0.0,0.0
204,131,0.0,1.0,0.0,0.0
204,207,1.0,0.0,0.0,0.0
204,270,1.0,0.0,0.0,0.0
205,2,0.0,1.0,0.0,0.0
205,17,0.0,1.0,0.0,0.0
205,34,0.0,1.0,0.0,0.0
205,42,0.0,0.0,1.0,0.0
205,52,0.0,0.0,0.0,1.0
205,82,0.0,1.0,0.0,0.0
205,85,0.0,0.0,1.0,0.0
205,103,0.0,1.0,0.0,0.0
205,109,0.0,1.0,0.0,0.0
205,120,0.0,1.0,0.0,0.0
205,162,1.0,0.0,0.0,0.0
205,256,1.0,0.0,0.0,0.0
206,52,0.0,1.0,0.0,0.0
206,63,0.0,1.0,0.0,0.0
206,252,1.0,0.0,0.0,0.0
206,288,1.0,0.0,0.0,0.0
207,19,0.0,1.0,0.0,0.0
207,46,0.0,1.0,0.0,0.0
207,72,0.0,1.0,0.0,0.0
207,77,0.0,1.0,0.0,0.0
207,103,0.0,1.0,0.0,0.0
207,120,0.0,1.0,0.0,0.0
207,180,1.0,0.0,0.0,0.0
207,215,1.0,0.0,0.0,0.0
207,234,1.0,0.0,0.0,0.0
207,286,1.0,0.0,0.0,0.0
208,54,0.0,1.0,0.0,0.0
208,66,0.0,1.0,0.0,0.0
208,92,0.0,1.0,0.0,0.0
208,104,0.0,1.0,0.0,0.0
208,110,0.0,0.0,1.0,0.0
208,195,1.0,0.0,0.0,0.0
208,257,1.0,0.0,0.0,0.0
208,269,1.0,0.0,0.0,0.0
209,100,0.0,1.0,0.0,0.0
209,133,1.0,0.0,0.0,0.0
209,169,1.0,0.0,0.0,0.0
209,196,1.0,0.0,0.0,0.0
209,200,1.0,0.0,0.0,0.0
210,5,1.0,0.0,0.0,0.0
210,8,0.0,1.0,0.0,0.0
210,25,1.0,0.0,0.0,0.0
210,33,0.0,1.0,0.0,0.0
210,49,0.0,1.0,0.0,0.0
210,66,0.0,1.0,0.0,0.0
210,120,0.0,1.0,0.0,0.0
210,123,0.0,1.0,0.0,0.0
210,212,1.0,0.0,0.0,0.0
210,225,1.0,0.0,0.0,0.0
210,279,1.0,0.0,0.0,0.0
210,285,1.0,0.0,0.0,0.0
211,7,0.0,1.0,0.0,0.0
211,47,0.0,1.0,0.0,0.0
211,116,0.0,0.0,1.0,0.0
211,268,0.0,1.0,0.0,0.0
211,275,1.0,0.0,0.0,0.0
211,281,1.0,0.0,0.0,0.0
211,294,1.0,0.0,0.0,0.0
212,29,0.0,1.0,0.0,0.0
212,68,0.0,1.0,0.0,0.0
212,187,0.0,1.0,0.0,0.0
212,290,0.0,0.0,1.0,0.0
213,28,1.0,0.0,0.0,0.0
213,41,0.0,0.0,1.0,0.0
213,83,0.0,1.0,0.0,0.0
213,157,0.0,0.0,0.0,1.0
213,159,1.0,0.0,0.0,0.0
213,255,1.0,0.0,0.0,0.0
213,283,1.0,0.0,0.0,0.0
214,74,0.0,1.0,0.0,0.0
214,149,0.0,0.0,0.0,1.0
214,158,1.0,0.0,0.0,0.0
214,166,1.0,0.0,0.0,0.0
214,194,1.0,0.0,0.0,0.0
214,225,1.0,0.0,0.0,0.0
214,240,1.0,0.0,0.0,0.0
214,245,0.0,0.0,0.0,1.0
214,275,1.0,0.0,0.0,0.0
214,279,1.0,0.0,0.0,0.0
215,15,0.0,1.0,0.0,0.0
215,155,1.0,0.0,0.0,0.0
215,158,1.0,0.0,0.0,0.0
215,218,0.0,1.0,0.0,0.0
215,253,1.0,0.0,0.0,0.0
215,277,1.0,0.0,0.0,0.0
215,294,1.0,0.0,0.0,0.0
216,9,0.0,1.0,0.0,0.0
216,29,0.0,1.0,0.0,0.0
216,49,0.0,1.0,0.0,0.0
216,64,1.0,0.0,0.0,0.0
216,78,0.0,1.0,0.0,0.0
216,79,0.0,1.0,0.0,0.0
216,128,0.0,0.0,1.0,0.0
216,141,0.0,1.0,0.0,0.0
216,180,0.0,0.0,0.0,1.0
216,232,1.0,0.0,0.0,0.0
216,246,1.0,0.0,0.0,0.0
216,247,1.0,0.0,0.0,0.0
216,264,1.0,0.0,0.0,0.0
216,266,1.0,0.0,0.0,0.0
217,10,0.0,1.0,0.0,0.0
217,29,0.0,1.0,0.0,0.0
217,106,0.0,1.0,0.0,0.0
217,143,0.0,1.0,0.0,0.0
217,151,1.0,0.0,0.0,0.0
217,186,1.0,0.0,0.0,0.0
217,207,1.0,0.0,0.0,0.0
217,231,1.0,0.0,0.0,0.0
217,288,1.0,0.0,0.0,0.0
218,53,0.0,1.0,0.0,0.0
218,84,0.0,1.0,0.0,0.0
218,86,0.0,1.0,0.0,0.0
218,105,0.0,1.0,0.0,0.0
218,125,0.0,0.0,1.0,0.0
218,129,0.0,1.0,0.0,0.0
218,131,0.0,1.0,0.0,0.0
218,146,0.0,1.0,0.0,0.0
218,222,1.0,0.0,0.0,0.0
218,235,1.0,0.0,0.0,0.0
218,248,1.0,0.0,0.0,0.0
218,257,1.0,0.0,0.0,0.0
219,18,0.0,1.0,0.0,0.0
219,38,0.0,1.0,0.0,0.0
219,88,0.0,1.0,0.0,0.0
219,99,0.0,0.0,1.0,0.0
219,102,0.0,1.0,0.0,0.0
219,105,1.0,0.0,0.0,0.0
219,186,1.0,0.0,0.0,0.0
219,226,1.0,0.0,0.0,0.0
219,244,0.0,0.0,0.0,1.0
219,257,1.0,0.0,0.0,0.0
219,277,1.0,0.0,0.0,0.0
219,289,1.0,0.0,0.0,0.0
219,299,1.0,0.0,0.0,0.0
220,35,0.0,1.0,0.0,0.0
220,89,0.0,1.0,0.0,0.0
220,124,0.0,1.0,0.0,0.0
220,132,0.0,1.0,0.0,0.0
220,240,0.0,0.0,0.0,1.0
220,257,1.0,0.0,0.0,0.0
220,260,1.0,0.0,0.0,0.0
221,6,0.0,1.0,0.0,0.0
221,16,0.0,1.0,0.0,0.0
221,52,0.0,1.0,0.0,0.0
221,87,1.0,0.0,0.0,0.0
221,91,0.0,1.0,0.0,0.0
221,147,0.0,0.0,1.0,0.0
221,210,1.0,0.0,0.0,0.0
221,249,1.0,0.0,0.0,0.0
221,257,1.0,0.0,0.0,0.0
222,18,0.0,0.0,1.0,0.0
222,146,1.0,0.0,0.0,0.0
222,167,1.0,0.0,0.0,0.0
222,182,1.0,0.0,0.0,0.0
222,191,1.0,0.0,0.0,0.0
222,247,1.0,0.0,0.0,0.0
222,284,0.0,1.0,0.0,0.0
222,292,1.0,0.0,0.0,0.0
222,298,0.0,1.0,0.0,0.0
222,299,1.0,0.0,0.0,0.0
223,67,0.0,1.0,0.0,0.0
223,71,1.0,0.0,0.0,0.0
223,117,0.0,1.0,0.0,0.0
223,120,0.0,0.0,1.0,0.0
223,124,0.0,1.0,0.0,0.0
223,279,0.0,1.0,0.0,0.0
224,11,0.0,1.0,0.0,0.0
224,79,0.0,1.0,0.0,0.0
224,94,0.0,1.0,0.0,0.0
224,114,0.0,1.0,0.0,0.0
224,129,0.0,1.0,0.0,0.0
224,173,1.0,0.0,0.0,0.0
224,186,1.0,0.0,0.0,0.0
224,205,0.0,0.0,0.0,1.0
224,218,0.0,0.0,0.0,1.0
224,249,1.0,0.0,0.0,0.0
224,280,1.0,0.0,0.0,0.0
224,287,1.0,0.0,0.0,0.0
225,21,1.0,0.0,0.0,0.0
225,51,1.0,0.0,0.0,0.0
225,56,0.0,1.0,0.0,0.0
225,75,0.0,1.0,0.0,0.0
225,84,0.0,1.0,0.0,0.0
225,117,0.0,1.0,0.0,0.0
225,130,0.0,1.0,0.0,0.0
225,163,1.0,0.0,0.0,0.0
225,248,1.0,0.0,0.0,0.0
226,10,0.0,0.0,1.0,0.0
226,37,0.0,1.0,0.0,0.0
226,54,0.0,1.0,0.0,0.0
226,88,0.0,1.0,0.0,0.0
226,151,1.0,0.0,0.0,0.0
226,216,1.0,0.0,0.0,0.0
227,0,1.0,0.0,0.0,0.0
227,10,0.0,1.0,0.0,0.0
227,21,0.0,1.0,0.0,0.0
227,70,0.0,1.0,0.0,0.0
227,81,0.0,1.0,0.0,0.0
227,92,1.0,0.0,0.0,0.0
227,110,0.0,1.0,0.0,0.0
227,111,0.0,1.0,0.0,0.0
227,151,1.0,0.0,0.0,0.0
227,229,1.0,0.0,0.0,0.0
227,240,1.0,0.0,0.0,0.0
227,293,1.0,0.0,0.0,0.0
228,23,0.0,1.0,0.0,0.0
228,25,0.0,1.0,0.0,0.0
228,28,0.0,1.0,0.0,0.0
228,117,0.0,1.0,0.0,0.0
228,159,1.0,0.0,0.0,0.0
228,165,0.0,0.0,1.0,0.0
228,167,1.0,0.0,0.0,0.0
228,168,1.0,0.0,0.0,0.0
228,191,1.0,0.0,0.0,0.0
228,202,1.0,0.0,0.0,0.0
228,230,1.0,0.0,0.0,0.0
228,239,1.0,0.0,0.0,0.0
228,272,1.0,0.0,0.0,0.0
229,1,0.0,1.0,0.0,0.0
229,7,0.0,1.0,0.0,0.0
229,49,0.0,1.0,0.0,0.0
229,74,0.0,1.0,0.0,0.0
229,83,0.0,1.0,0.0,0.0
229,123,0.0,1.0,0.0,0.0
229,142,0.0,1.0,0.0,0.0
229,148,0.0,1.0,0.0,0.0
229,205,0.0,1.0,0.0,0.0
229,217,1.0,0.0,0.0,0.0
229,219,1.0,0.0,0.0,0.0
229,235,1.0,0.0,0.0,0.0
229,238,1.0,0.0,0.0,0.0
230,14,0.0,1.0,0.0,0.0
230,30,0.0,1.0,0.0,0.0
230,38,0.0,1.0,0.0,0.0
230,63,0.0,1.0,0.0,0.0
230,74,1.0,0.0,0.0,0.0
230,96,0.0,1.0,0.0,0.0
230,128,0.0,1.0,0.0,0.0
230,195,1.0,0.0,0.0,0.0
230,253,1.0,0.0,0.0,0.0
230,281,1.0,0.0,0.0,0.0
230,282,1.0,0.0,0.0,0.0
231,3,0.0,1.0,0.0,0.0
231,37,0.0,0.0,1.0,0.0
231,44,1.0,0.0,0.0,0.0
231,86,0.0,1.0,0.0,0.0
231,104,0.0,1.0,0.0,0.0
231,112,0.0,1.0,0.0,0.0
231,120,0.0,1.0,0.0,0.0
231,154,1.0,0.0,0.0,0.0
231,200,1.0,0.0,0.0,0.0
231,219,1.0,0.0,0.0,0.0
231,250,1.0,0.0,0.0,0.0
231,262,1.0,0.0,0.0,0.0
231,277,1.0,0.0,0.0,0.0
232,54,0.0,1.0,0.0,0.0
232,59,0.0,1.0,0.0,0.0
232,65,0.0,1.0,0.0,0.0
232,70,0.0,1.0,0.0,0.0
232,214,1.0,0.0,0.0,0.0
232,247,1.0,0.0,0.0,0.0
232,270,1.0,0.0,0.0,0.0
232,276,1.0,0.0,0.0,0.0
233,27,1.0,0.0,0.0,0.0
233,37,0.0,1.0,0.0,0.0
233,56,0.0,1.0,0.0,0.0
233,97,0.0,1.0,0.0,0.0
233,203,1.0,0.0,0.0,0.0
233,206,1.0,0.0,0.0,0.0
233,238,1.0,0.0,0.0,0.0
233,241,0.0,1.0,0.0,0.0
233,288,0.0,1.0,0.0,0.0
233,294,1.0,0.0,0.0,0.0
234,7,0.0,1.0,0.0,0.0
234,34,0.0,1.0,0.0,0.0
234,177,0.0,0.0,0.0,1.0
234,196,1.0,0.0,0.0,0.0
234,290,1.0,0.0,0.0,0.0
235,10,0.0,1.0,0.0,0.0
235,37,0.0,0.0,1.0,0.0
235,95,0.0,1.0,0.0,0.0
235,127,0.0,1.0,0.0,0.0
235,167,1.0,0.0,0.0,0.0
235,194,1.0,0.0,0.0,0.0
235,202,1.0,0.0,0.0,0.0
235,224,0.0,1.0,0.0,0.0
235,225,1.0,0.0,0.0,0.0
235,272,1.0,0.0,0.0,0.0
236,3,0.0,1.0,0.0,0.0
236,71,0.0,1.0,0.0,0.0
236,117,0.0,1.0,0.0,0.0
236,172,1.0,0.0,0.0,0.0
236,200,1.0,0.0,0.0,0.0
236,289,1.0,0.0,0.0,0.0
236,295,1.0,0.0,0.0,0.0
237,16,0.0,1.0,0.0,0.0
237,58,0.0,1.0,0.0,0.0
237,126,0.0,1.0,0.0,0.0
237,137,0.0,1.0,0.0,0.0
237,173,1.0,0.0,0.0,0.0
237,216,1.0,0.0,0.0,0.0
237,219,1.0,0.0,0.0,0.0
237,229,1.0,0.0,0.0,0.0
237,253,1.0,0.0,0.0,0.0
237,263,1.0,0.0,0.0,0.0
237,297,1.0,0.0,0.0,0.0
238,31,0.0,1.0,0.0,0.0
238,57,0.0,1.0,0.0,0.0
238,75,0.0,1.0,0.0,0.0
238,83,0.0,1.0,0.0,0.0
238,96,0.0,1.0,0.0,0.0
238,166,1.0,0.0,0.0,0.0
238,288,1.0,0.0,0.0,0.0
238,297,1.0,0.0,0.0,0.0
239,27,0.0,1.0,0.0,0.0
239,66,0.0,1.0,0.0,0.0
239,68,0.0,1.0,0.0,0.0
239,91,0.0,1.0,0.0,0.0
239,94,0.0,1.0,0.0,0.0
239,98,1.0,0.0,0.0,0.0
239,155,1.0,0.0,0.0,0.0
239,212,1.0,0.0,0.0,0.0
239,225,1.0,0.0,0.0,0.0
240,30,0.0,1.0,0.0,0.0
240,38,0.0,1.0,0.0,0.0
240,68,0.0,1.0,0.0,0.0
240,78,0.0,1.0,0.0,0.0
240,95,0.0,1.0,0.0,0.0
240,202,0.0,0.0,0.0,1.0
240,216,1.0,0.0,0.0,0.0
240,247,1.0,0.0,0.0,0.0
241,29,0.0,1.0,0.0,0.0
241,53,0.0,1.0,0.0,0.0
241,54,1.0,0.0,0.0,0.0
241,79,0.0,1.0,0.0,0.0
241,150,0.0,0.0,0.0,1.0
241,154,1.0,0.0,0.0,0.0
242,145,0.0,1.0,0.0,0.0
242,150,1.0,0.0,0.0,0.0
242,241,1.0,0.0,0.0,0.0
242,257,1.0,0.0,0.0,0.0
242,287,1.0,0.0,0.0,0.0
243,3,0.0,1.0,0.0,0.0
243,12,0.0,1.0,0.0,0.0
243,59,0.0,1.0,0.0,0.0
243,96,0.0,1.0,0.0,0.0
243,121,0.0,1.0,0.0,0.0
243,146,0.0,1.0,0.0,0.0
243,192,1.0,0.0,0.0,0.0
243,232,1.0,0.0,0.0,0.0
243,257,1.0,0.0,0.0,0.0
243,259,1.0,0.0,0.0,0.0
244,11,0.0,1.0,0.0,0.0
244,18,0.0,1.0,0.0,0.0
244,28,0.0,1.0,0.0,0.0
244,52,0.0,1.0,0.0,0.0
244,54,0.0,1.0,0.0,0.0
244,95,0.0,1.0,0.0,0.0
244,120,0.0,1.0,0.0,0.0
244,131,1.0,0.0,0.0,0.0
244,152,1.0,0.0,0.0,0.0
244,163,1.0,0.0,0.0,0.0
244,193,0.0,1.0,0.0,0.0
244,217,0.0,1.0,0.0,0.0
244,218,1.0,0.0,0.0,0.0
244,253,1.0,0.0,0.0,0.0
244,280,0.0,1.0,0.0,0.0
244,295,1.0,0.0,0.0,0.0
245,1,0.0,1.0,0.0,0.0
245,22,0.0,1.0,0.0,0.0
245,53,0.0,1.0,0.0,0.0
245,89,0.0,1.0,0.0,0.0
245,155,1.0,0.0,0.0,0.0
245,175,1.0,0.0,0.0,0.0
245,257,1.0,0.0,0.0,0.0
245,262,1.0,0.0,0.0,0.0
245,298,1.0,0.0,0.0,0.0
246,31,0.0,1.0,0.0,0.0
246,40,0.0,1.0,0.0,0.0
246,59,1.0,0.0,0.0,0.0
246,71,0.0,1.0,0.0,0.0
246,93,0.0,1.0,0.0,0.0
246,97,0.0,1.0,0.0,0.0
246,107,0.0,1.0,0.0,0.0
246,152,1.0,0.0,0.0,0.0
246,186,1.0,0.0,0.0,0.0
246,240,1.0,0.0,0.0,0.0
246,245,1.0,0.0,0.0,0.0
246,276,1.0,0.0,0.0,0.0
247,9,0.0,0.0,1.0,0.0
247,45,0.0,1.0,0.0,0.0
247,82,0.0,1.0,0.0,0.0
247,134,0.0,1.0,0.0,0.0
247,185,1.0,0.0,0.0,0.0
247,196,1.0,0.0,0.0,0.0
247,235,0.0,1.0,0.0,0.0
247,251,1.0,0.0,0.0,0.0
247,266,1.0,0.0,0.0,0.0
248,19,0.0,0.0,1.0,0.0
248,43,0.0,0.0,1.0,0.0
248,47,1.0,0.0,0.0,0.0
248,56,0.0,0.0,1.0,0.0
248,98,0.0,1.0,0.0,0.0
248,149,0.0,1.0,0.0,0.0
248,161,1.0,0.0,0.0,0.0
248,193,1.0,0.0,0.0,0.0
248,293,0.0,0.0,0.0,1.0
249,63,0.0,1.0,0.0,0.0
249,65,0.0,1.0,0.0,0.0
249,73,0.0,1.0,0.0,0.0
249,91,0.0,1.0,0.0,0.0
249,118,0.0,1.0,0.0,0.0
249,147,0.0,1.0,0.0,0.0
249,195,0.0,0.0,1.0,0.0
249,223,1.0,0.0,0.0,0.0
249,240,1.0,0.0,0.0,0.0
249,288,1.0,0.0,0.0,0.0
250,5,0.0,1.0,0.0,0.0
250,30,0.0,1.0,0.0,0.0
250,54,0.0,1.0,0.0,0.0
250,57,0.0,1.0,0.0,0.0
250,90,0.0,1.0,0.0,0.0
250,188,1.0,0.0,0.0,0.0
250,214,1.0,0.0,0.0,0.0
250,243,1.0,0.0,0.0,0.0
250,271,0.0,0.0,0.0,1.0
250,289,1.0,0.0,0.0,0.0
251,38,0.0,1.0,0.0,0.0
251,79,0.0,0.0,1.0,0.0
251,99,0.0,0.0,0.0,1.0
251,158,1.0,0.0,0.0,0.0
251,166,1.0,0.0,0.0,0.0
251,193,1.0,0.0,0.0,0.0
251,219,0.0,1.0,0.0,0.0
251,252,1.0,0.0,0.0,0.0
251,262,1.0,0.0,0.0,0.0
251,288,0.0,0.0,0.0,1.0
252,23,0.0,1.0,0.0,0.0
252,45,0.0,0.0,0.0,1.0
252,64,0.0,1.0,0.0,0.0
252,95,0.0,0.0,1.0,0.0
252,123,0.0,1.0,0.0,0.0
252,167,1.0,0.0,0.0,0.0
252,238,1.0,0.0,0.0,0.0
252,259,1.0,0.0,0.0,0.0
252,297,1.0,0.0,0.0,0.0
253,29,1.0,0.0,0.0,1.0
253,47,0.0,1.0,0.0,0.0
253,63,0.0,1.0,0.0,0.0
253,117,0.0,1.0,0.0,0.0
253,133,0.0,1.0,0.0,0.0
253,154,1.0,0.0,0.0,0.0
253,250,1.0,0.0,0.0,1.0
253,270,0.0,0.0,0.0,1.0
254,92,0.0,1.0,0.0,0.0
254,94,1.0,0.0,0.0,0.0
254,106,0.0,1.0,0.0,0.0
254,146,0.0,1.0,0.0,0.0
254,168,0.0,1.0,0.0,0.0
254,174,1.0,0.0,0.0,0.0
254,192,1.0,0.0,0.0,0.0
254,208,0.0,1.0,0.0,0.0
254,214,0.0,1.0,0.0,0.0
254,221,1.0,0.0,0.0,0.0
254,236,0.0,1.0,0.0,0.0
254,248,1.0,0.0,0.0,0.0
254,292,1.0,0.0,0.0,0.0
255,17,0.0,1.0,0.0,0.0
255,57,0.0,1.0,0.0,0.0
255,63,0.0,1.0,0.0,0.0
255,106,0.0,1.0,0.0,0.0
255,122,0.0,1.0,0.0,0.0
255,129,0.0,1.0,0.0,0.0
255,139,0.0,1.0,0.0,0.0
255,163,0.0,1.0,0.0,0.0
255,199,1.0,0.0,0.0,0.0
255,235,0.0,1.0,0.0,0.0
255,237,1.0,0.0,0.0,0.0
255,262,1.0,0.0,0.0,0.0
255,272,1.0,0.0,0.0,0.0
256,11,0.0,1.0,0.0,0.0
256,18,0.0,1.0,0.0,0.0
256,111,0.0,1.0,0.0,0.0
256,177,1.0,0.0,0.0,0.0
256,207,1.0,0.0,0.0,0.0
256,209,1.0,0.0,0.0,0.0
256,242,1.0,0.0,0.0,0.0
256,299,1.0,0.0,0.0,0.0
257,46,0.0,1.0,0.0,0.0
257,112,0.0,0.0,1.0,0.0
257,224,1.0,0.0,0.0,0.0
257,263,1.0,0.0,0.0,0.0
258,12,0.0,1.0,0.0,0.0
258,19,0.0,1.0,0.0,0.0
258,47,0.0,1.0,0.0,0.0
258,52,0.0,1.0,0.0,0.0
258,78,0.0,0.0,1.0,0.0
258,79,0.0,1.0,0.0,0.0
258,210,1.0,0.0,0.0,0.0
258,247,1.0,0.0,0.0,0.0
258,257,1.0,0.0,0.0,0.0
258,298,1.0,1.0,0.0,0.0
259,6,0.0,1.0,0.0,0.0
259,27,0.0,1.0,0.0,0.0
259,29,0.0,1.0,0.0,0.0
259,32,0.0,0.0,1.0,0.0
259,37,1.0,0.0,0.0,0.0
259,48,0.0,1.0,0.0,0.0
259,86,0.0,1.0,0.0,0.0
259,236,1.0,0.0,0.0,0.0
259,240,1.0,0.0,0.0,0.0
259,262,1.0,0.0,0.0,0.0
260,31,0.0,1.0,0.0,0.0
260,47,0.0,1.0,0.0,0.0
260,94,0.0,1.0,0.0,0.0
260,131,0.0,1.0,0.0,0.0
260,166,1.0,0.0,0.0,0.0
260,182,1.0,0.0,0.0,0.0
260,184,1.0,0.0,0.0,0.0
260,199,1.0,0.0,0.0,0.0
260,206,1.0,0.0,0.0,0.0
260,208,1.0,0.0,0.0,0.0
260,221,0.0,1.0,0.0,0.0
260,255,1.0,0.0,0.0,0.0
260,286,1.0,0.0,0.0,0.0
261,101,0.0,1.0,0.0,0.0
261,178,1.0,0.0,0.0,0.0
261,243,1.0,0.0,0.0,0.0
261,266,1.0,0.0,0.0,0.0
261,271,1.0,0.0,0.0,0.0
262,19,0.0,1.0,0.0,0.0
262,82,0.0,1.0,0.0,0.0
262,194,1.0,0.0,0.0,0.0
262,226,1.0,0.0,0.0,0.0
262,251,0.0,0.0,0.0,1.0
263,2,0.0,1.0,0.0,0.0
263,30,0.0,1.0,0.0,0.0
263,32,0.0,0.0,0.0,1.0
263,62,0.0,1.0,0.0,0.0
263,90,0.0,1.0,0.0,0.0
263,93,0.0,1.0,0.0,0.0
263,121,0.0,1.0,0.0,0.0
263,122,0.0,1.0,0.0,0.0
263,244,1.0,0.0,0.0,0.0
263,272,0.0,0.0,1.0,0.0
263,280,1.0,0.0,0.0,0.0
264,10,0.0,1.0,0.0,0.0
264,31,0.0,1.0,0.0,0.0
264,84,0.0,1.0,0.0,0.0
264,91,0.0,1.0,0.0,0.0
264,117,0.0,1.0,0.0,0.0
264,130,0.0,1.0,0.0,0.0
264,213,1.0,0.0,0.0,0.0
264,221,1.0,0.0,0.0,0.0
264,236,0.0,0.0,0.0,1.0
264,266,0.0,0.0,0.0,1.0
265,13,0.0,1.0,0.0,0.0
265,58,0.0,1.0,0.0,0.0
265,77,0.0,1.0,0.0,0.0
265,246,1.0,0.0,0.0,0.0
265,251,1.0,0.0,0.0,0.0
265,260,0.0,1.0,0.0,0.0
265,264,1.0,0.0,0.0,0.0
265,295,0.0,1.0,0.0,0.0
266,3,0.0,1.0,0.0,0.0
266,18,0.0,1.0,0.0,0.0
266,23,0.0,1.0,0.0,0.0
266,55,0.0,1.0,0.0,0.0
266,64,0.0,1.0,0.0,0.0
266,73,0.0,0.0,1.0,0.0
266,111,0.0,0.0,1.0,0.0
266,132,0.0,0.0,1.0,0.0
266,175,1.0,0.0,0.0,0.0
266,190,0.0,0.0,0.0,1.0
266,232,1.0,0.0,0.0,0.0
266,275,1.0,0.0,0.0,0.0
266,293,0.0,0.0,1.0,0.0
266,299,1.0,0.0,0.0,0.0
267,23,0.0,1.0,0.0,0.0
267,38,0.0,1.0,0.0,0.0
267,86,0.0,1.0,0.0,0.0
267,144,0.0,1.0,0.0,0.0
267,190,1.0,0.0,0.0,0.0
267,197,1.0,0.0,0.0,0.0
267,294,1.0,0.0,0.0,0.0
268,16,0.0,1.0,0.0,0.0
268,19,1.0,0.0,0.0,0.0
268,31,0.0,1.0,0.0,0.0
268,80,0.0,1.0,0.0,0.0
268,82,0.0,1.0,0.0,0.0
268,107,0.0,1.0,0.0,0.0
268,168,0.0,0.0,0.0,1.0
268,217,0.0,1.0,0.0,0.0
268,273,0.0,0.0,0.0,1.0
269,5,0.0,1.0,0.0,0.0
269,54,0.0,1.0,0.0,0.0
269,60,0.0,1.0,0.0,0.0
269,97,0.0,1.0,0.0,0.0
269,125,0.0,1.0,0.0,0.0
269,131,0.0,1.0,0.0,0.0
269,143,0.0,1.0,0.0,0.0
269,167,1.0,0.0,0.0,0.0
269,173,1.0,0.0,0.0,0.0
269,180,1.0,0.0,0.0,0.0
269,187,1.0,0.0,0.0,0.0
269,189,1.0,0.0,0.0,0.0
269,195,1.0,0.0,0.0,0.0
269,200,1.0,0.0,0.0,0.0
269,236,1.0,0.0,0.0,0.0
269,248,1.0,0.0,0.0,0.0
269,250,1.0,0.0,0.0,0.0
269,261,0.0,0.0,1.0,0.0
270,0,0.0,1.0,0.0,0.0
270,32,0.0,1.0,0.0,0.0
270,38,0.0,1.0,0.0,0.0
270,79,0.0,1.0,0.0,0.0
270,84,0.0,1.0,0.0,0.0
270,97,0.0,1.0,0.0,0.0
270,182,1.0,0.0,0.0,0.0
270,187,1.0,0.0,0.0,0.0
270,200,0.0,0.0,0.0,1.0
270,208,1.0,0.0,0.0,0.0
270,231,1.0,0.0,0.0,0.0
270,263,0.0,0.0,0.0,1.0
271,31,0.0,1.0,0.0,0.0
271,47,0.0,1.0,0.0,0.0
271,74,0.0,1.0,0.0,0.0
271,86,0.0,1.0,0.0,0.0
271,100,0.0,1.0,0.0,0.0
271,184,1.0,0.0,0.0,0.0
271,202,1.0,0.0,0.0,0.0
271,252,0.0,1.0,0.0,0.0
271,259,1.0,0.0,0.0,0.0
271,288,0.0,0.0,0.0,1.0
272,32,0.0,1.0,0.0,0.0
272,67,0.0,1.0,0.0,0.0
272,80,1.0,0.0,0.0,0.0
272,103,0.0,0.0,1.0,0.0
272,141,0.0,1.0,0.0,0.0
272,150,1.0,0.0,0.0,0.0
272,188,1.0,1.0,0.0,0.0
272,194,1.0,0.0,0.0,0.0
272,229,0.0,0.0,0.0,1.0
272,248,1.0,0.0,0.0,0.0
272,293,1.0,0.0,0.0,0.0
273,6,0.0,1.0,0.0,0.0
273,21,0.0,1.0,0.0,0.0
273,150,1.0,0.0,0.0,0.0
273,207,1.0,0.0,0.0,0.0
273,210,1.0,0.0,0.0,0.0
273,234,1.0,0.0,0.0,0.0
273,253,1.0,0.0,0.0,0.0
273,270,1.0,0.0,0.0,0.0
273,284,1.0,0.0,0.0,0.0
274,5,0.0,1.0,0.0,0.0
274,21,0.0,1.0,0.0,0.0
274,37,0.0,1.0,0.0,0.0
274,72,0.0,0.0,1.0,0.0
274,105,0.0,1.0,0.0,0.0
274,117,1.0,0.0,0.0,0.0
274,129,0.0,1.0,0.0,0.0
274,148,0.0,1.0,0.0,0.0
274,202,1.0,0.0,0.0,0.0
274,220,1.0,0.0,0.0,0.0
274,250,1.0,0.0,0.0,0.0
274,292,1.0,0.0,0.0,0.0
275,9,1.0,0.0,0.0,0.0
275,19,0.0,1.0,1.0,0.0
275,63,0.0,1.0,0.0,0.0
275,66,0.0,1.0,0.0,0.0
275,97,0.0,1.0,0.0,0.0
275,112,0.0,1.0,0.0,0.0
275,126,1.0,0.0,0.0,0.0
275,175,1.0,0.0,0.0,0.0
275,204,1.0,0.0,0.0,0.0
275,253,0.0,1.0,0.0,0.0
275,277,1.0,0.0,0.0,0.0
276,15,0.0,1.0,0.0,0.0
276,139,0.0,1.0,0.0,0.0
276,173,1.0,0.0,0.0,0.0
276,215,1.0,0.0,0.0,0.0
276,222,1.0,0.0,0.0,0.0
276,225,1.0,0.0,0.0,0.0
276,243,1.0,0.0,0.0,0.0
276,271,1.0,0.0,0.0,0.0
277,92,0.0,1.0,0.0,0.0
277,114,0.0,1.0,0.0,0.0
277,123,0.0,1.0,0.0,0.0
277,166,1.0,0.0,0.0,0.0
277,168,0.0,0.0,0.0,1.0
277,205,1.0,0.0,0.0,0.0
277,212,1.0,0.0,0.0,0.0
277,215,1.0,0.0,0.0,0.0
277,252,0.0,0.0,0.0,1.0
277,273,1.0,0.0,0.0,0.0
278,44,0.0,1.0,0.0,0.0
278,47,0.0,1.0,0.0,0.0
278,56,0.0,1.0,0.0,0.0
278,90,0.0,1.0,0.0,0.0
278,138,0.0,1.0,0.0,0.0
278,163,1.0,0.0,0.0,0.0
278,174,1.0,0.0,0.0,0.0
278,197,1.0,0.0,0.0,0.0
278,229,1.0,0.0,0.0,0.0
279,3,0.0,1.0,0.0,0.0
279,15,0.0,1.0,0.0,0.0
279,169,1.0,0.0,0.0,0.0
279,181,1.0,0.0,0.0,0.0
279,206,0.0,1.0,0.0,0.0
279,253,1.0,0.0,0.0,0.0
279,262,1.0,0.0,0.0,0.0
280,2,0.0,1.0,0.0,0.0
280,8,0.0,1.0,0.0,0.0
280,11,0.0,1.0,0.0,0.0
280,17,0.0,1.0,0.0,0.0
280,51,0.0,1.0,0.0,0.0
280,52,0.0,0.0,1.0,0.0
280,55,0.0,1.0,0.0,0.0
280,85,0.0,1.0,0.0,0.0
280,123,1.0,0.0,0.0,0.0
280,162,1.0,0.0,0.0,0.0
280,183,0.0,1.0,0.0,0.0
280,225,1.0,0.0,0.0,0.0
280,230,0.0,1.0,0.0,0.0
280,241,1.0,0.0,0.0,0.0
280,247,1.0,0.0,0.0,0.0
280,251,1.0,0.0,0.0,0.0
281,18,0.0,1.0,0.0,0.0
281,80,0.0,1.0,0.0,0.0
281,127,0.0,0.0,1.0,0.0
281,139,0.0,1.0,0.0,0.0
281,183,1.0,0.0,0.0,0.0
281,215,1.0,0.0,0.0,0.0
282,39,0.0,1.0,0.0,0.0
282,44,0.0,1.0,0.0,0.0
282,49,0.0,1.0,0.0,0.0
282,60,0.0,1.0,0.0,0.0
282,70,0.0,1.0,0.0,0.0
282,91,0.0,1.0,0.0,0.0
282,117,1.0,0.0,0.0,0.0
282,207,1.0,0.0,0.0,0.0
282,249,1.0,0.0,0.0,0.0
282,254,1.0,0.0,0.0,0.0
282,267,0.0,0.0,0.0,1.0
282,273,1.0,0.0,0.0,0.0
282,274,1.0,0.0,0.0,0.0
282,276,1.0,0.0,0.0,0.0
282,277,1.0,0.0,0.0,0.0
283,5,0.0,1.0,0.0,0.0
283,7,0.0,1.0,0.0,0.0
283,10,0.0,1.0,0.0,0.0
283,13,1.0,0.0,0.0,0.0
283,32,0.0,1.0,0.0,0.0
283,35,0.0,1.0,0.0,0.0
283,50,1.0,0.0,0.0,0.0
283,156,1.0,0.0,0.0,0.0
283,170,1.0,0.0,0.0,0.0
283,179,1.0,0.0,0.0,0.0
283,258,0.0,1.0,0.0,0.0
283,281,1.0,0.0,0.0,0.0
284,28,0.0,1.0,0.0,0.0
284,58,0.0,1.0,0.0,0.0
284,66,0.0,1.0,0.0,0.0
284,82,0.0,1.0,0.0,0.0
284,107,1.0,0.0,0.0,0.0
284,149,0.0,1.0,0.0,0.0
284,179,1.0,0.0,0.0,0.0
284,199,1.0,0.0,0.0,0.0
284,233,1.0,0.0,0.0,0.0
284,281,1.0,0.0,0.0,0.0
285,40,0.0,0.0,0.0,1.0
285,114,0.0,1.0,0.0,0.0
285,116,0.0,1.0,0.0,0.0
285,128,0.0,1.0,0.0,0.0
285,140,0.0,1.0,0.0,0.0
285,160,0.0,0.0,0.0,1.0
285,212,1.0,0.0,0.0,0.0
285,256,1.0,0.0,0.0,0.0
285,273,1.0,0.0,0.0,0.0
286,10,0.0,1.0,0.0,0.0
286,50,0.0,1.0,0.0,0.0
286,86,0.0,0.0,1.0,0.0
286,105,0.0,1.0,0.0,0.0
286,106,0.0,1.0,0.0,0.0
286,148,0.0,0.0,1.0,0.0
286,210,1.0,0.0,0.0,0.0
286,217,1.0,0.0,0.0,0.0
286,227,0.0,0.0,0.0,1.0
286,254,1.0,0.0,0.0,0.0
286,265,1.0,0.0,0.0,0.0
287,4,0.0,1.0,0.0,0.0
287,14,0.0,1.0,0.0,0.0
287,30,0.0,1.0,0.0,0.0
287,56,0.0,1.0,0.0,0.0
287,114,0.0,1.0,0.0,0.0
287,131,0.0,1.0,0.0,0.0
287,132,0.0,1.0,0.0,0.0
287,150,1.0,0.0,0.0,0.0
287,220,0.0,1.0,0.0,0.0
287,250,1.0,0.0,0.0,0.0
287,277,1.0,0.0,0.0,0.0
287,291,1.0,0.0,0.0,0.0
288,19,0.0,1.0,0.0,0.0
288,20,0.0,1.0,0.0,0.0
288,22,0.0,0.0,1.0,0.0
288,44,0.0,1.0,0.0,0.0
288,163,1.0,0.0,0.0,0.0
288,181,1.0,0.0,0.0,0.0
288,183,1.0,0.0,0.0,0.0
288,202,1.0,0.0,0.0,0.0
288,229,1.0,0.0,0.0,0.0
288,241,1.0,0.0,0.0,0.0
288,254,1.0,0.0,0.0,0.0
288,260,1.0,0.0,0.0,0.0
289,4,0.0,1.0,0.0,0.0
289,37,0.0,0.0,0.0,1.0
289,79,0.0,1.0,0.0,0.0
289,99,0.0,1.0,0.0,0.0
289,136,0.0,0.0,1.0,0.0
289,158,1.0,0.0,0.0,0.0
289,177,1.0,0.0,0.0,0.0
289,203,1.0,0.0,0.0,0.0
289,213,1.0,0.0,0.0,0.0
290,50,0.0,1.0,0.0,0.0
290,81,0.0,1.0,0.0,0.0
290,118,0.0,1.0,0.0,0.0
290,155,0.0,0.0,1.0,0.0
290,159,1.0,0.0,0.0,0.0
290,163,1.0,0.0,0.0,0.0
290,184,1.0,0.0,0.0,0.0
290,189,1.0,0.0,0.0,0.0
290,256,1.0,0.0,0.0,0.0
290,292,1.0,0.0,0.0,0.0
291,29,0.0,1.0,0.0,0.0
291,47,0.0,1.0,0.0,0.0
291,81,1.0,0.0,0.0,0.0
291,93,0.0,1.0,0.0,0.0
291,99,0.0,1.0,0.0,0.0
291,142,0.0,1.0,0.0,0.0
291,145,0.0,1.0,0.0,0.0
291,151,1.0,0.0,0.0,0.0
291,155,1.0,0.0,0.0,0.0
291,190,0.0,1.0,0.0,0.0
291,219,1.0,0.0,0.0,0.0
291,281,1.0,0.0,0.0,0.0
292,109,0.0,1.0,0.0,0.0
292,117,0.0,1.0,0.0,0.0
292,118,0.0,1.0,0.0,0.0
292,136,0.0,1.0,0.0,0.0
292,235,1.0,0.0,0.0,0.0
292,243,0.0,0.0,0.0,1.0
292,282,1.0,0.0,0.0,0.0
292,293,1.0,0.0,0.0,0.0
293,22,0.0,1.0,0.0,0.0
293,53,0.0,1.0,0.0,0.0
293,73,0.0,1.0,0.0,0.0
293,80,0.0,1.0,0.0,0.0
293,92,0.0,1.0,0.0,0.0
293,116,1.0,0.0,0.0,0.0
293,117,0.0,1.0,0.0,0.0
293,122,0.0,1.0,0.0,0.0
293,124,0.0,0.0,1.0,0.0
293,181,0.0,0.0,0.0,1.0
293,188,0.0,1.0,0.0,0.0
293,201,0.0,0.0,0.0,1.0
293,223,1.0,0.0,0.0,0.0
293,224,0.0,1.0,0.0,0.0
293,284,0.0,1.0,0.0,0.0
294,7,0.0,1.0,0.0,0.0
294,13,0.0,1.0,0.0,0.0
294,15,0.0,1.0,0.0,0.0
294,16,0.0,1.0,0.0,0.0
294,34,0.0,1.0,0.0,0.0
294,94,0.0,1.0,0.0,0.0
294,196,1.0,0.0,0.0,0.0
294,209,0.0,1.0,0.0,0.0
294,270,1.0,0.0,0.0,0.0
294,289,1.0,0.0,0.0,0.0
294,290,1.0,0.0,0.0,0.0
294,298,0.0,1.0,0.0,0.0
295,7,0.0,1.0,0.0,0.0
295,46,0.0,1.0,0.0,0.0
295,62,0.0,1.0,0.0,0.0
295,78,0.0,1.0,0.0,0.0
295,125,0.0,1.0,0.0,0.0
295,169,1.0,0.0,0.0,0.0
295,170,1.0,0.0,0.0,0.0
295,186,1.0,0.0,0.0,0.0
295,272,1.0,0.0,0.0,0.0
295,274,1.0,0.0,0.0,0.0
295,281,1.0,0.0,0.0,0.0
295,288,1.0,0.0,0.0,0.0
296,89,0.0,1.0,0.0,0.0
296,115,0.0,1.0,0.0,0.0
296,155,1.0,0.0,0.0,0.0
296,161,1.0,0.0,0.0,0.0
296,175,0.0,1.0,0.0,0.0
296,224,0.0,0.0,0.0,1.0
296,235,1.0,0.0,0.0,0.0
296,253,1.0,0.0,0.0,0.0
297,19,0.0,1.0,0.0,0.0
297,37,0.0,1.0,0.0,0.0
297,44,0.0,1.0,0.0,0.0
297,78,0.0,1.0,0.0,0.0
297,121,0.0,1.0,0.0,0.0
297,134,0.0,1.0,0.0,0.0
297,157,1.0,0.0,0.0,0.0
297,170,1.0,0.0,0.0,0.0
297,187,0.0,1.0,0.0,0.0
297,267,1.0,0.0,0.0,0.0
297,288,1.0,0.0,0.0,0.0
298,8,0.0,1.0,0.0,0.0
298,23,0.0,1.0,0.0,0.0
298,38,0.0,0.0,1.0,0.0
298,41,0.0,1.0,0.0,0.0
298,123,0.0,1.0,0.0,0.0
298,171,1.0,0.0,0.0,0.0
298,181,1.0,0.0,0.0,0.0
298,209,1.0,0.0,0.0,0.0
298,238,1.0,0.0,0.0,0.0
298,254,1.0,0.0,0.0,0.0
298,290,1.0,0.0,0.0,0.0
299,16,0.0,1.0,0.0,0.0
299,59,0.0,1.0,0.0,0.0
299,78,0.0,1.0,0.0,0.0
299,147,0.0,1.0,0.0,0.0
299,148,0.0,1.0,0.0,0.0
299,151,1.0,0.0,0.0,0.0
299,173,0.0,0.0,0.0,1.0
299,190,1.0,0.0,0.0,0.0
299,196,1.0,0.0,0.0,0.0
299,212,1.0,0.0,0.0,0.0
299,228,1.0,0.0,0.0,0.0
299,231,1.0,0.0,0.0,0.0
299,286,1.0,0.0,0.0,0.0
