,Name,Metadata
0,0,Meta0
1,1,Meta1
2,2,Meta0
3,3,Meta0
4,4,Meta0
5,5,Meta0
6,6,Meta0
7,7,Meta0
8,8,Meta0
9,9,Meta0
10,10,Meta0
11,11,Meta1
12,12,Meta0
13,13,Meta0
14,14,Meta0
15,15,Meta0
16,16,Meta0
17,17,Meta1
18,18,Meta0
19,19,Meta0
20,20,Meta0
21,21,Meta0
22,22,Meta0
23,23,Meta0
24,24,Meta1
25,25,Meta1
26,26,Meta0
27,27,Meta0
28,28,Meta0
29,29,Meta0
30,30,Meta0
31,31,Meta1
32,32,Meta1
33,33,Meta0
34,34,Meta1
35,35,Meta0
36,36,Meta0
37,37,Meta0
38,38,Meta0
39,39,Meta0
40,40,Meta0
41,41,Meta0
42,42,Meta0
43,43,Meta0
44,44,Meta0
45,45,Meta0
46,46,Meta0
47,47,Meta0
48,48,Meta1
49,49,Meta0
50,50,Meta0
51,51,Meta1
52,52,Meta0
53,53,Meta1
54,54,Meta0
55,55,Meta1
56,56,Meta0
57,57,Meta0
58,58,Meta1
59,59,Meta1
60,60,Meta0
61,61,Meta0
62,62,Meta0
63,63,Meta0
64,64,Meta0
65,65,Meta0
66,66,Meta1
67,67,Meta0
68,68,Meta0
69,69,Meta1
70,70,Meta0
71,71,Meta0
72,72,Meta0
73,73,Meta0
74,74,Meta0
75,75,Meta1
76,76,Meta0
77,77,Meta0
78,78,Meta1
79,79,Meta0
80,80,Meta0
81,81,Meta0
82,82,Meta1
83,83,Meta0
84,84,Meta1
85,85,Meta0
86,86,Meta0
87,87,Meta0
88,88,Meta1
89,89,Meta0
90,90,Meta0
91,91,Meta0
92,92,Meta1
93,93,Meta1
94,94,Meta1
95,95,Meta0
96,96,Meta1
97,97,Meta0
98,98,Meta0
99,99,Meta1
100,100,Meta0
101,101,Meta0
102,102,Meta0
103,103,Meta0
104,104,Meta0
105,105,Meta0
106,106,Meta0
107,107,Meta1
108,108,Meta0
109,109,Meta0
110,110,Meta1
111,111,Meta1
112,112,Meta1
113,113,Meta0
114,114,Meta0
115,115,Meta0
116,116,Meta0
117,117,Meta0
118,118,Meta0
119,119,Meta1
120,120,Meta1
121,121,Meta0
122,122,Meta0
123,123,Meta0
124,124,Meta1
125,125,Meta1
126,126,Meta1
127,127,Meta0
128,128,Meta0
129,129,Meta0
130,130,Meta0
131,131,Meta0
132,132,Meta1
133,133,Meta0
134,134,Meta0
135,135,Meta1
136,136,Meta0
137,137,Meta0
138,138,Meta0
139,139,Meta0
140,140,Meta0
141,141,Meta0
142,142,Meta1
143,143,Meta0
144,144,Meta0
145,145,Meta1
146,146,Meta0
147,147,Meta1
148,148,Meta0
149,149,Meta0
150,150,Meta1
151,151,Meta1
152,152,Meta0
153,153,Meta0
154,154,Meta1
155,155,Meta1
156,156,Meta0
157,157,Meta0
158,158,Meta1
159,159,Meta1
160,160,Meta0
161,161,Meta1
162,162,Meta1
163,163,Meta0
164,164,Meta0
165,165,Meta1
166,166,Meta1
167,167,Meta1
168,168,Meta1
169,169,Meta1
170,170,Meta0
171,171,Meta1
172,172,Meta1
173,173,Meta1
174,174,Meta1
175,175,Meta1
176,176,Meta1
177,177,Meta1
178,178,Meta1
179,179,Meta0
180,180,Meta1
181,181,Meta0
182,182,Meta1
183,183,Meta1
184,184,Meta1
185,185,Meta1
186,186,Meta0
187,187,Meta1
188,188,Meta1
189,189,Meta1
190,190,Meta1
191,191,Meta0
192,192,Meta1
193,193,Meta0
194,194,Meta0
195,195,Meta1
196,196,Meta0
197,197,Meta1
198,198,Meta1
199,199,Meta0
200,200,Meta1
201,201,Meta1
202,202,Meta1
203,203,Meta1
204,204,Meta1
205,205,Meta1
206,206,Meta1
207,207,Meta1
208,208,Meta1
209,209,Meta0
210,210,Meta0
211,211,Meta0
212,212,Meta1
213,213,Meta0
214,214,Meta0
215,215,Meta1
216,216,Meta0
217,217,Meta1
218,218,Meta0
219,219,Meta0
220,220,Meta1
221,221,Meta1
222,222,Meta0
223,223,Meta1
224,224,Meta1
225,225,Meta1
226,226,Meta1
227,227,Meta1
228,228,Meta1
229,229,Meta1
230,230,Meta1
231,231,Meta1
232,232,Meta1
233,233,Meta1
234,234,Meta0
235,235,Meta1
236,236,Meta1
237,237,Meta1
238,238,Meta1
239,239,Meta1
240,240,Meta1
241,241,Meta1
242,242,Meta1
243,243,Meta1
244,244,Meta0
245,245,Meta0
246,246,Meta1
247,247,Meta1
248,248,Meta1
249,249,Meta1
250,250,Meta1
251,251,Meta1
252,252,Meta1
253,253,Meta1
254,254,Meta1
255,255,Meta1
256,256,Meta1
257,257,Meta1
258,258,Meta1
259,259,Meta1
260,260,Meta1
261,261,Meta1
262,262,Meta1
263,263,Meta1
264,264,Meta1
265,265,Meta1
266,266,Meta1
267,267,Meta1
268,268,Meta1
269,269,Meta1
270,270,Meta1
271,271,Meta1
272,272,Meta1
273,273,Meta1
274,274,Meta1
275,275,Meta1
276,276,Meta1
277,277,Meta1
278,278,Meta1
279,279,Meta0
280,280,Meta1
281,281,Meta0
282,282,Meta0
283,283,Meta1
284,284,Meta1
285,285,Meta1
286,286,Meta1
287,287,Meta1
288,288,Meta1
289,289,Meta1
290,290,Meta1
291,291,Meta1
292,292,Meta1
293,293,Meta1
294,294,Meta1
295,295,Meta0
296,296,Meta1
297,297,Meta1
298,298,Meta0
299,299,Meta1
